path,task,roi,phase,condition,n_trials,n_channels,n_time_samples,n_items,label_counts,n_contributing_subjects,fs,tmin,tmax,input_datatype,channel_selection,assignment_sha256,n_assignment_mismatches,channels
/cwork/ns458/BIDS-1.4_Phoneme_sequencing/BIDS/derivatives/decoding(bipolar)/sub-Sensory/articulator/sub-Sensory_task-PhonemeSequence_proc-Delay_recording-1_desc-Repeat_highgamma.h5,PhonemeSequence,Sensory,Delay,Repeat,103,7,320,52,"{""low_vowel"": 24, ""labial"": 28, ""dorsal"": 23, ""high_vowel"": 28}",5,128,-1.0,1.4921875,epoch(band)(zscore),functional_assignment_intersection_same_phase_repeat_sig,0b28f2105a7b08d0c91cfdb94686e6c6f266c9e7e5acc1e32971936695b00b97,0,"[""D0042_RPI1-2"", ""D0049_LAI1-2"", ""D0049_LAI3-4"", ""D0049_LPI1-2"", ""D0058_LPI5-6"", ""D0071_RIP2-3"", ""D0096_LTAS2-3""]"
/cwork/ns458/BIDS-1.4_Phoneme_sequencing/BIDS/derivatives/decoding(bipolar)/sub-Sensory/articulator/sub-Sensory_task-PhonemeSequence_proc-Go_recording-1_desc-Repeat_highgamma.h5,PhonemeSequence,Sensory,Go,Repeat,51,1,320,42,"{""low_vowel"": 14, ""labial"": 10, ""dorsal"": 10, ""high_vowel"": 17}",1,128,-1.0,1.4921875,epoch(band)(zscore),functional_assignment_intersection_same_phase_repeat_sig,0b28f2105a7b08d0c91cfdb94686e6c6f266c9e7e5acc1e32971936695b00b97,0,"[""D0086_RTPS4-9""]"
/cwork/ns458/BIDS-1.4_Phoneme_sequencing/BIDS/derivatives/decoding(bipolar)/sub-Sensory/articulator/sub-Sensory_task-PhonemeSequence_proc-Response_recording-1_desc-Repeat_highgamma.h5,PhonemeSequence,Sensory,Response,Repeat,93,2,320,52,"{""low_vowel"": 23, ""labial"": 25, ""dorsal"": 19, ""high_vowel"": 26}",1,128,-1.0,1.4921875,epoch(band)(zscore),functional_assignment_intersection_same_phase_repeat_sig,0b28f2105a7b08d0c91cfdb94686e6c6f266c9e7e5acc1e32971936695b00b97,0,"[""D0049_LAI3-4"", ""D0049_LPI2-3""]"
/cwork/ns458/BIDS-1.4_Phoneme_sequencing/BIDS/derivatives/decoding(bipolar)/sub-Sensory/articulator/sub-Sensory_task-PhonemeSequence_proc-Stimulus_recording-1_desc-Repeat_highgamma.h5,PhonemeSequence,Sensory,Stimulus,Repeat,103,9,320,52,"{""low_vowel"": 24, ""labial"": 28, ""dorsal"": 23, ""high_vowel"": 28}",5,128,-1.0,1.4921875,epoch(band)(zscore),functional_assignment_intersection_same_phase_repeat_sig,0b28f2105a7b08d0c91cfdb94686e6c6f266c9e7e5acc1e32971936695b00b97,0,"[""D0042_RPI1-2"", ""D0042_RPI2-3"", ""D0049_LAI1-2"", ""D0049_LAI3-4"", ""D0049_LPI1-2"", ""D0049_LPI2-3"", ""D0058_LPI5-6"", ""D0071_RIP2-3"", ""D0096_LTAS2-3""]"
/cwork/ns458/BIDS-1.4_Phoneme_sequencing/BIDS/derivatives/decoding(bipolar)/sub-Sustain/articulator/sub-Sustain_task-PhonemeSequence_proc-Delay_recording-1_desc-Repeat_highgamma.h5,PhonemeSequence,Sustain,Delay,Repeat,104,16,320,52,"{""low_vowel"": 24, ""labial"": 28, ""dorsal"": 24, ""high_vowel"": 28}",9,128,-1.0,1.4921875,epoch(band)(zscore),functional_assignment_intersection_same_phase_repeat_sig,0b28f2105a7b08d0c91cfdb94686e6c6f266c9e7e5acc1e32971936695b00b97,0,"[""D0028_LAI1-2"", ""D0035_LPI1-2"", ""D0045_RAI1-2"", ""D0045_RAI3-4"", ""D0045_RPI1-2"", ""D0045_RPI3-4"", ""D0053_RPI2-3"", ""D0055_RAI5-6"", ""D0055_RAI6-7"", ""D0060_RI3-4"", ""D0064_LAI5-6"", ""D0064_LAI6-7"", ""D0088_LAI1-2"", ""D0088_LTAS1-2"", ""D0092_LIA3-4"", ""D0092_LIA4-5""]"
/cwork/ns458/BIDS-1.4_Phoneme_sequencing/BIDS/derivatives/decoding(bipolar)/sub-Sustain/articulator/sub-Sustain_task-PhonemeSequence_proc-Go_recording-1_desc-Repeat_highgamma.h5,PhonemeSequence,Sustain,Go,Repeat,104,11,320,52,"{""low_vowel"": 24, ""labial"": 28, ""dorsal"": 24, ""high_vowel"": 28}",7,128,-1.0,1.4921875,epoch(band)(zscore),functional_assignment_intersection_same_phase_repeat_sig,0b28f2105a7b08d0c91cfdb94686e6c6f266c9e7e5acc1e32971936695b00b97,0,"[""D0045_RPI3-4"", ""D0053_RPI1-2"", ""D0053_RPI2-3"", ""D0055_RAI5-6"", ""D0055_RAI6-7"", ""D0060_RI3-4"", ""D0064_LAI5-6"", ""D0064_LAI6-7"", ""D0088_LAI1-2"", ""D0092_LIA3-4"", ""D0092_LIA4-5""]"
/cwork/ns458/BIDS-1.4_Phoneme_sequencing/BIDS/derivatives/decoding(bipolar)/sub-Sustain/articulator/sub-Sustain_task-PhonemeSequence_proc-Response_recording-1_desc-Repeat_highgamma.h5,PhonemeSequence,Sustain,Response,Repeat,104,8,320,52,"{""low_vowel"": 24, ""labial"": 28, ""dorsal"": 24, ""high_vowel"": 28}",4,128,-1.0,1.4921875,epoch(band)(zscore),functional_assignment_intersection_same_phase_repeat_sig,0b28f2105a7b08d0c91cfdb94686e6c6f266c9e7e5acc1e32971936695b00b97,0,"[""D0045_RAI1-2"", ""D0045_RPI3-4"", ""D0055_RAI5-6"", ""D0055_RAI6-7"", ""D0064_LAI5-6"", ""D0064_LAI6-7"", ""D0092_LIA3-4"", ""D0092_LIA4-5""]"
/cwork/ns458/BIDS-1.4_Phoneme_sequencing/BIDS/derivatives/decoding(bipolar)/sub-Sustain/articulator/sub-Sustain_task-PhonemeSequence_proc-Stimulus_recording-1_desc-Repeat_highgamma.h5,PhonemeSequence,Sustain,Stimulus,Repeat,101,9,320,52,"{""low_vowel"": 24, ""labial"": 26, ""dorsal"": 23, ""high_vowel"": 28}",6,128,-1.0,1.4921875,epoch(band)(zscore),functional_assignment_intersection_same_phase_repeat_sig,0b28f2105a7b08d0c91cfdb94686e6c6f266c9e7e5acc1e32971936695b00b97,0,"[""D0045_RAI1-2"", ""D0045_RPI3-4"", ""D0053_RPI1-2"", ""D0053_RPI2-3"", ""D0055_RAI6-7"", ""D0060_RI3-4"", ""D0064_LAI5-6"", ""D0064_LAI6-7"", ""D0088_LTAS1-2""]"
/cwork/ns458/BIDS-1.4_Phoneme_sequencing/BIDS/derivatives/decoding(bipolar)/sub-Motor/articulator/sub-Motor_task-PhonemeSequence_proc-Delay_recording-1_desc-Repeat_highgamma.h5,PhonemeSequence,Motor,Delay,Repeat,104,14,320,52,"{""low_vowel"": 24, ""labial"": 28, ""dorsal"": 24, ""high_vowel"": 28}",11,128,-1.0,1.4921875,epoch(band)(zscore),functional_assignment_intersection_same_phase_repeat_sig,0b28f2105a7b08d0c91cfdb94686e6c6f266c9e7e5acc1e32971936695b00b97,1,"[""D0040_L3ST1-2"", ""D0042_RPI5-6"", ""D0049_LPI3-4"", ""D0060_RI6-7"", ""D0064_LAI3-4"", ""D0067_LAI2-3"", ""D0075_RAI6-7"", ""D0084_RAI2-3"", ""D0084_RAI3-4"", ""D0084_RAI4-5"", ""D0088_LAI4-5"", ""D0092_RIA4-5"", ""D0095_RIA1-2"", ""D0095_RIA2-3""]"
/cwork/ns458/BIDS-1.4_Phoneme_sequencing/BIDS/derivatives/decoding(bipolar)/sub-Motor/articulator/sub-Motor_task-PhonemeSequence_proc-Go_recording-1_desc-Repeat_highgamma.h5,PhonemeSequence,Motor,Go,Repeat,104,32,320,52,"{""low_vowel"": 24, ""labial"": 28, ""dorsal"": 24, ""high_vowel"": 28}",20,128,-1.0,1.4921875,epoch(band)(zscore),functional_assignment_intersection_same_phase_repeat_sig,0b28f2105a7b08d0c91cfdb94686e6c6f266c9e7e5acc1e32971936695b00b97,4,"[""D0035_LPI4-5"", ""D0040_L3ST1-2"", ""D0042_RPI5-6"", ""D0049_LPI3-4"", ""D0052_LI3-4"", ""D0052_RI3-4"", ""D0054_RPI1-2"", ""D0054_RPI2-3"", ""D0055_RPI8-9"", ""D0057_RAI3-4"", ""D0057_RAI4-5"", ""D0057_RAI5-6"", ""D0057_RPI2-3"", ""D0060_RI6-7"", ""D0061_LAI4-5"", ""D0061_LPI5-6"", ""D0061_LPI6-7"", ""D0064_LAI3-4"", ""D0068_LAI3-4"", ""D0070_LIA2-3"", ""D0075_RAI5-6"", ""D0075_RAI6-7"", ""D0079_LAI7-8"", ""D0084_RAI3-4"", ""D0084_RAI4-5"", ""D0088_LAI4-5"", ""D0093_LIA5-6"", ""D0095_RIA1-2"", ""D0095_RIA2-3"", ""D0095_RPI1-2"", ""D0096_LFAI1-2"", ""D0096_LFMI2-3""]"
/cwork/ns458/BIDS-1.4_Phoneme_sequencing/BIDS/derivatives/decoding(bipolar)/sub-Motor/articulator/sub-Motor_task-PhonemeSequence_proc-Response_recording-1_desc-Repeat_highgamma.h5,PhonemeSequence,Motor,Response,Repeat,104,54,320,52,"{""low_vowel"": 24, ""labial"": 28, ""dorsal"": 24, ""high_vowel"": 28}",26,128,-1.0,1.4921875,epoch(band)(zscore),functional_assignment_intersection_same_phase_repeat_sig,0b28f2105a7b08d0c91cfdb94686e6c6f266c9e7e5acc1e32971936695b00b97,4,"[""D0035_LPI3-4"", ""D0035_LPI4-5"", ""D0040_L3ST1-2"", ""D0042_RPI5-6"", ""D0045_RMST1-2"", ""D0049_LPI3-4"", ""D0049_LPI4-5"", ""D0052_LI3-4"", ""D0052_RI3-4"", ""D0052_RI4-5"", ""D0053_LPI2-3"", ""D0054_RPI1-2"", ""D0054_RPI2-3"", ""D0055_RAI4-5"", ""D0055_RPI8-9"", ""D0057_RAI3-4"", ""D0057_RAI4-5"", ""D0057_RAI5-6"", ""D0057_RPI2-3"", ""D0057_RPI5-6"", ""D0060_RI6-7"", ""D0061_LAI4-5"", ""D0061_LPI5-6"", ""D0061_LPI6-7"", ""D0063_RAI4-5"", ""D0064_LAI3-4"", ""D0064_LAI4-5"", ""D0068_LAI3-4"", ""D0070_LIA1-2"", ""D0070_LIA2-3"", ""D0071_RIA2-3"", ""D0075_RAI4-5"", ""D0075_RAI5-6"", ""D0075_RAI6-7"", ""D0079_LAI3-4"", ""D0079_LAI7-8"", ""D0079_LPI3-4"", ""D0079_LPI7-8"", ""D0079_LPI8-9"", ""D0079_LPI9-10"", ""D0084_RAI2-3"", ""D0084_RAI3-4"", ""D0084_RAI4-5"", ""D0084_RPI1-2"", ""D0088_LAI4-5"", ""D0091_LPI5-7"", ""D0092_RIA4-5"", ""D0093_LIA4-5"", ""D0093_LIA5-6"", ""D0095_RIA1-2"", ""D0095_RIA2-3"", ""D0096_LFAI1-2"", ""D0096_LFMI2-3"", ""D0096_LIP5-6""]"
/cwork/ns458/BIDS-1.4_Phoneme_sequencing/BIDS/derivatives/decoding(bipolar)/sub-Motor/articulator/sub-Motor_task-PhonemeSequence_proc-Stimulus_recording-1_desc-Repeat_highgamma.h5,PhonemeSequence,Motor,Stimulus,Repeat,104,8,320,52,"{""low_vowel"": 24, ""labial"": 28, ""dorsal"": 24, ""high_vowel"": 28}",8,128,-1.0,1.4921875,epoch(band)(zscore),functional_assignment_intersection_same_phase_repeat_sig,0b28f2105a7b08d0c91cfdb94686e6c6f266c9e7e5acc1e32971936695b00b97,1,"[""D0035_LPI2-3"", ""D0040_L3ST1-2"", ""D0042_RPI5-6"", ""D0049_LPI3-4"", ""D0055_RPI3-4"", ""D0061_LPI6-7"", ""D0084_RAI4-5"", ""D0088_LAI4-5""]"
/cwork/ns458/BIDS-1.4_Phoneme_sequencing/BIDS/derivatives/decoding(bipolar)/sub-STGl/articulator/sub-STGl_task-PhonemeSequence_proc-Delay_recording-1_desc-Repeat_highgamma.h5,PhonemeSequence,STGl,Delay,Repeat,104,195,320,52,"{""low_vowel"": 24, ""labial"": 28, ""dorsal"": 24, ""high_vowel"": 28}",23,128,-1.0,1.4921875,epoch(band)(zscore),,,0,"[""D0022_LMIF5-6"", ""D0022_LPIF5-6"", ""D0024_LTG10-11"", ""D0024_LTG12-13"", ""D0024_LTG14-15"", ""D0024_LTG17-18"", ""D0028_LMST1-2"", ""D0028_LMST2-3"", ""D0028_LMST4-5"", ""D0028_LPST1-2"", ""D0028_LPST2-3"", ""D0028_LPST3-4"", ""D0035_LMST10-11"", ""D0035_LMST11-12"", ""D0035_LMST12-13"", ""D0035_LMST13-14"", ""D0035_LMST8-9"", ""D0035_LMST9-10"", ""D0041_LAMT5-6"", ""D0041_LAMT6-7"", ""D0041_LAMT7-8"", ""D0041_LAMT8-9"", ""D0049_LAMT10-11"", ""D0049_LAMT11-12"", ""D0049_LAMT9-10"", ""D0049_LAST4-5"", ""D0049_LAST5-6"", ""D0049_LAST9-10"", ""D0053_LAMT10-11"", ""D0053_LAMT11-12"", ""D0053_LAMT13-14"", ""D0053_LAMT7-8"", ""D0053_LAMT8-9"", ""D0053_LAMT9-10"", ""D0055_LAMT5-6"", ""D0056_LAMT5-6"", ""D0056_LAST2-3"", ""D0057_LAMT5-6"", ""D0057_LAMT6-7"", ""D0058_LAST1-2"", ""D0058_LAST2-3"", ""D0058_LAST3-4"", ""D0058_LAST4-5"", ""D0058_LAST5-6"", ""D0058_LAST7-8"", ""D0058_LMMT10-11"", ""D0058_LMMT11-12"", ""D0058_LMMT5-6"", ""D0058_LMMT6-7"", ""D0058_LMMT7-8"", ""D0058_LMMT8-9"", ""D0058_LMMT9-10"", ""D0059_LMIF1-2"", ""D0060_LPMT11-12"", ""D0060_LPMT12-13"", ""D0060_LPMT13-14"", ""D0064_L2ST1-2"", ""D0064_L2ST6-7"", ""D0064_L2ST7-8"", ""D0064_L2ST8-9"", ""D0064_LAST10-11"", ""D0064_LAST11-12"", ""D0064_LAST12-13"", ""D0064_LAST8-9"", ""D0064_LAST9-10"", ""D0064_LMMT10-11"", ""D0064_LMMT11-12"", ""D0064_LMMT12-13"", ""D0064_LMMT13-14"", ""D0064_LMMT14-15"", ""D0064_LMMT15-16"", ""D0068_LTAM11-12"", ""D0068_LTAM12-13"", ""D0068_LTAM3-4"", ""D0068_LTAM6-7"", ""D0068_LTAM7-8"", ""D0068_LTAS10-11"", ""D0068_LTAS11-12"", ""D0068_LTAS5-6"", ""D0068_LTAS6-7"", ""D0068_LTAS7-8"", ""D0068_LTAS8-9"", ""D0068_LTMS2-3"", ""D0068_LTMS3-4"", ""D0068_LTMS4-5"", ""D0068_LTMS5-6"", ""D0068_LTMS6-7"", ""D0068_LTMS7-8"", ""D0068_LTPS1-2"", ""D0068_LTPS2-3"", ""D0068_LTPS4-5"", ""D0068_LTPS5-6"", ""D0068_LTPS6-7"", ""D0068_LTPS7-8"", ""D0068_LTPS8-9"", ""D0068_LTPS9-10"", ""D0069_LPS10-11"", ""D0069_LPS11-12"", ""D0069_LPS12-13"", ""D0069_LPS8-9"", ""D0069_LPS9-10"", ""D0069_LTAS5-6"", ""D0069_LTAS6-7"", ""D0069_LTAS7-8"", ""D0069_LTAS8-9"", ""D0069_LTAS9-10"", ""D0069_LTMS3-4"", ""D0069_LTMS4-5"", ""D0069_LTMS5-6"", ""D0069_LTMS8-9"", ""D0069_LTMS9-10"", ""D0070_LTAM6-7"", ""D0070_LTMM10-11"", ""D0070_LTMM5-6"", ""D0070_LTMM6-7"", ""D0070_LTMM7-8"", ""D0070_LTMM8-9"", ""D0070_LTMM9-10"", ""D0070_LTMS1-2"", ""D0070_LTMS2-3"", ""D0070_LTMS3-4"", ""D0070_LTMS4-5"", ""D0070_LTMS5-6"", ""D0070_LTMS6-7"", ""D0079_LTAM7-8"", ""D0079_LTAM8-9"", ""D0079_LTAS2-3"", ""D0079_LTAS3-4"", ""D0079_LTMS1-2"", ""D0079_LTMS2-3"", ""D0079_LTMS3-4"", ""D0079_LTMS4-5"", ""D0079_LTMS5-6"", ""D0079_LTMS6-7"", ""D0079_LTMS7-8"", ""D0079_LTPS1-2"", ""D0079_LTPS2-3"", ""D0079_LTPS3-4"", ""D0079_LTPS4-5"", ""D0079_LTPS5-6"", ""D0079_LTPS6-7"", ""D0079_LTPS7-8"", ""D0085_LTAS2-3"", ""D0085_LTAS3-4"", ""D0085_LTAS4-5"", ""D0085_LTAS7-8"", ""D0085_LTPM10-11"", ""D0085_LTPM11-12"", ""D0085_LTPM12-13"", ""D0085_LTPM13-14"", ""D0085_LTPM14-15"", ""D0085_LTPS1-2"", ""D0085_LTPS2-3"", ""D0085_LTPS3-4"", ""D0085_LTPS7-8"", ""D0088_LPAI3-4"", ""D0088_LPAI4-5"", ""D0088_LPAI5-6"", ""D0088_LPAI6-7"", ""D0088_LPAI7-8"", ""D0088_LTAM7-8"", ""D0088_LTAS2-3"", ""D0088_LTAS3-4"", ""D0088_LTAS4-5"", ""D0088_LTAS5-6"", ""D0088_LTAS6-7"", ""D0088_LTAS7-8"", ""D0088_LTMS10-11"", ""D0088_LTMS11-12"", ""D0088_LTMS12-13"", ""D0092_LTAM13-14"", ""D0093_LTAM9-10"", ""D0093_LTAS2-3"", ""D0093_LTAS3-4"", ""D0093_LTAS4-5"", ""D0093_LTAS5-6"", ""D0093_LTAS6-7"", ""D0093_LTAS7-8"", ""D0093_LTPS1-2"", ""D0093_LTPS2-3"", ""D0093_LTPS3-4"", ""D0093_LTPS7-8"", ""D0093_LTPS8-9"", ""D0093_LTPS9-10"", ""D0096_LTAS4-5"", ""D0096_LTAS5-6"", ""D0096_LTAS6-7"", ""D0096_LTAS7-8"", ""D0096_LTPS2-3"", ""D0096_LTPS3-4"", ""D0096_LTPS4-5"", ""D0096_LTPS5-6"", ""D0096_LTPS7-8"", ""D0096_LTPS8-9"", ""D0096_LTPS9-10""]"
/cwork/ns458/BIDS-1.4_Phoneme_sequencing/BIDS/derivatives/decoding(bipolar)/sub-STGl/articulator/sub-STGl_task-PhonemeSequence_proc-Go_recording-1_desc-Repeat_highgamma.h5,PhonemeSequence,STGl,Go,Repeat,104,195,320,52,"{""low_vowel"": 24, ""labial"": 28, ""dorsal"": 24, ""high_vowel"": 28}",23,128,-1.0,1.4921875,epoch(band)(zscore),,,0,"[""D0022_LMIF5-6"", ""D0022_LPIF5-6"", ""D0024_LTG10-11"", ""D0024_LTG12-13"", ""D0024_LTG14-15"", ""D0024_LTG17-18"", ""D0028_LMST1-2"", ""D0028_LMST2-3"", ""D0028_LMST4-5"", ""D0028_LPST1-2"", ""D0028_LPST2-3"", ""D0028_LPST3-4"", ""D0035_LMST10-11"", ""D0035_LMST11-12"", ""D0035_LMST12-13"", ""D0035_LMST13-14"", ""D0035_LMST8-9"", ""D0035_LMST9-10"", ""D0041_LAMT5-6"", ""D0041_LAMT6-7"", ""D0041_LAMT7-8"", ""D0041_LAMT8-9"", ""D0049_LAMT10-11"", ""D0049_LAMT11-12"", ""D0049_LAMT9-10"", ""D0049_LAST4-5"", ""D0049_LAST5-6"", ""D0049_LAST9-10"", ""D0053_LAMT10-11"", ""D0053_LAMT11-12"", ""D0053_LAMT13-14"", ""D0053_LAMT7-8"", ""D0053_LAMT8-9"", ""D0053_LAMT9-10"", ""D0055_LAMT5-6"", ""D0056_LAMT5-6"", ""D0056_LAST2-3"", ""D0057_LAMT5-6"", ""D0057_LAMT6-7"", ""D0058_LAST1-2"", ""D0058_LAST2-3"", ""D0058_LAST3-4"", ""D0058_LAST4-5"", ""D0058_LAST5-6"", ""D0058_LAST7-8"", ""D0058_LMMT10-11"", ""D0058_LMMT11-12"", ""D0058_LMMT5-6"", ""D0058_LMMT6-7"", ""D0058_LMMT7-8"", ""D0058_LMMT8-9"", ""D0058_LMMT9-10"", ""D0059_LMIF1-2"", ""D0060_LPMT11-12"", ""D0060_LPMT12-13"", ""D0060_LPMT13-14"", ""D0064_L2ST1-2"", ""D0064_L2ST6-7"", ""D0064_L2ST7-8"", ""D0064_L2ST8-9"", ""D0064_LAST10-11"", ""D0064_LAST11-12"", ""D0064_LAST12-13"", ""D0064_LAST8-9"", ""D0064_LAST9-10"", ""D0064_LMMT10-11"", ""D0064_LMMT11-12"", ""D0064_LMMT12-13"", ""D0064_LMMT13-14"", ""D0064_LMMT14-15"", ""D0064_LMMT15-16"", ""D0068_LTAM11-12"", ""D0068_LTAM12-13"", ""D0068_LTAM3-4"", ""D0068_LTAM6-7"", ""D0068_LTAM7-8"", ""D0068_LTAS10-11"", ""D0068_LTAS11-12"", ""D0068_LTAS5-6"", ""D0068_LTAS6-7"", ""D0068_LTAS7-8"", ""D0068_LTAS8-9"", ""D0068_LTMS2-3"", ""D0068_LTMS3-4"", ""D0068_LTMS4-5"", ""D0068_LTMS5-6"", ""D0068_LTMS6-7"", ""D0068_LTMS7-8"", ""D0068_LTPS1-2"", ""D0068_LTPS2-3"", ""D0068_LTPS4-5"", ""D0068_LTPS5-6"", ""D0068_LTPS6-7"", ""D0068_LTPS7-8"", ""D0068_LTPS8-9"", ""D0068_LTPS9-10"", ""D0069_LPS10-11"", ""D0069_LPS11-12"", ""D0069_LPS12-13"", ""D0069_LPS8-9"", ""D0069_LPS9-10"", ""D0069_LTAS5-6"", ""D0069_LTAS6-7"", ""D0069_LTAS7-8"", ""D0069_LTAS8-9"", ""D0069_LTAS9-10"", ""D0069_LTMS3-4"", ""D0069_LTMS4-5"", ""D0069_LTMS5-6"", ""D0069_LTMS8-9"", ""D0069_LTMS9-10"", ""D0070_LTAM6-7"", ""D0070_LTMM10-11"", ""D0070_LTMM5-6"", ""D0070_LTMM6-7"", ""D0070_LTMM7-8"", ""D0070_LTMM8-9"", ""D0070_LTMM9-10"", ""D0070_LTMS1-2"", ""D0070_LTMS2-3"", ""D0070_LTMS3-4"", ""D0070_LTMS4-5"", ""D0070_LTMS5-6"", ""D0070_LTMS6-7"", ""D0079_LTAM7-8"", ""D0079_LTAM8-9"", ""D0079_LTAS2-3"", ""D0079_LTAS3-4"", ""D0079_LTMS1-2"", ""D0079_LTMS2-3"", ""D0079_LTMS3-4"", ""D0079_LTMS4-5"", ""D0079_LTMS5-6"", ""D0079_LTMS6-7"", ""D0079_LTMS7-8"", ""D0079_LTPS1-2"", ""D0079_LTPS2-3"", ""D0079_LTPS3-4"", ""D0079_LTPS4-5"", ""D0079_LTPS5-6"", ""D0079_LTPS6-7"", ""D0079_LTPS7-8"", ""D0085_LTAS2-3"", ""D0085_LTAS3-4"", ""D0085_LTAS4-5"", ""D0085_LTAS7-8"", ""D0085_LTPM10-11"", ""D0085_LTPM11-12"", ""D0085_LTPM12-13"", ""D0085_LTPM13-14"", ""D0085_LTPM14-15"", ""D0085_LTPS1-2"", ""D0085_LTPS2-3"", ""D0085_LTPS3-4"", ""D0085_LTPS7-8"", ""D0088_LPAI3-4"", ""D0088_LPAI4-5"", ""D0088_LPAI5-6"", ""D0088_LPAI6-7"", ""D0088_LPAI7-8"", ""D0088_LTAM7-8"", ""D0088_LTAS2-3"", ""D0088_LTAS3-4"", ""D0088_LTAS4-5"", ""D0088_LTAS5-6"", ""D0088_LTAS6-7"", ""D0088_LTAS7-8"", ""D0088_LTMS10-11"", ""D0088_LTMS11-12"", ""D0088_LTMS12-13"", ""D0092_LTAM13-14"", ""D0093_LTAM9-10"", ""D0093_LTAS2-3"", ""D0093_LTAS3-4"", ""D0093_LTAS4-5"", ""D0093_LTAS5-6"", ""D0093_LTAS6-7"", ""D0093_LTAS7-8"", ""D0093_LTPS1-2"", ""D0093_LTPS2-3"", ""D0093_LTPS3-4"", ""D0093_LTPS7-8"", ""D0093_LTPS8-9"", ""D0093_LTPS9-10"", ""D0096_LTAS4-5"", ""D0096_LTAS5-6"", ""D0096_LTAS6-7"", ""D0096_LTAS7-8"", ""D0096_LTPS2-3"", ""D0096_LTPS3-4"", ""D0096_LTPS4-5"", ""D0096_LTPS5-6"", ""D0096_LTPS7-8"", ""D0096_LTPS8-9"", ""D0096_LTPS9-10""]"
/cwork/ns458/BIDS-1.4_Phoneme_sequencing/BIDS/derivatives/decoding(bipolar)/sub-STGl/articulator/sub-STGl_task-PhonemeSequence_proc-Response_recording-1_desc-Repeat_highgamma.h5,PhonemeSequence,STGl,Response,Repeat,104,195,320,52,"{""low_vowel"": 24, ""labial"": 28, ""dorsal"": 24, ""high_vowel"": 28}",23,128,-1.0,1.4921875,epoch(band)(zscore),,,0,"[""D0022_LMIF5-6"", ""D0022_LPIF5-6"", ""D0024_LTG10-11"", ""D0024_LTG12-13"", ""D0024_LTG14-15"", ""D0024_LTG17-18"", ""D0028_LMST1-2"", ""D0028_LMST2-3"", ""D0028_LMST4-5"", ""D0028_LPST1-2"", ""D0028_LPST2-3"", ""D0028_LPST3-4"", ""D0035_LMST10-11"", ""D0035_LMST11-12"", ""D0035_LMST12-13"", ""D0035_LMST13-14"", ""D0035_LMST8-9"", ""D0035_LMST9-10"", ""D0041_LAMT5-6"", ""D0041_LAMT6-7"", ""D0041_LAMT7-8"", ""D0041_LAMT8-9"", ""D0049_LAMT10-11"", ""D0049_LAMT11-12"", ""D0049_LAMT9-10"", ""D0049_LAST4-5"", ""D0049_LAST5-6"", ""D0049_LAST9-10"", ""D0053_LAMT10-11"", ""D0053_LAMT11-12"", ""D0053_LAMT13-14"", ""D0053_LAMT7-8"", ""D0053_LAMT8-9"", ""D0053_LAMT9-10"", ""D0055_LAMT5-6"", ""D0056_LAMT5-6"", ""D0056_LAST2-3"", ""D0057_LAMT5-6"", ""D0057_LAMT6-7"", ""D0058_LAST1-2"", ""D0058_LAST2-3"", ""D0058_LAST3-4"", ""D0058_LAST4-5"", ""D0058_LAST5-6"", ""D0058_LAST7-8"", ""D0058_LMMT10-11"", ""D0058_LMMT11-12"", ""D0058_LMMT5-6"", ""D0058_LMMT6-7"", ""D0058_LMMT7-8"", ""D0058_LMMT8-9"", ""D0058_LMMT9-10"", ""D0059_LMIF1-2"", ""D0060_LPMT11-12"", ""D0060_LPMT12-13"", ""D0060_LPMT13-14"", ""D0064_L2ST1-2"", ""D0064_L2ST6-7"", ""D0064_L2ST7-8"", ""D0064_L2ST8-9"", ""D0064_LAST10-11"", ""D0064_LAST11-12"", ""D0064_LAST12-13"", ""D0064_LAST8-9"", ""D0064_LAST9-10"", ""D0064_LMMT10-11"", ""D0064_LMMT11-12"", ""D0064_LMMT12-13"", ""D0064_LMMT13-14"", ""D0064_LMMT14-15"", ""D0064_LMMT15-16"", ""D0068_LTAM11-12"", ""D0068_LTAM12-13"", ""D0068_LTAM3-4"", ""D0068_LTAM6-7"", ""D0068_LTAM7-8"", ""D0068_LTAS10-11"", ""D0068_LTAS11-12"", ""D0068_LTAS5-6"", ""D0068_LTAS6-7"", ""D0068_LTAS7-8"", ""D0068_LTAS8-9"", ""D0068_LTMS2-3"", ""D0068_LTMS3-4"", ""D0068_LTMS4-5"", ""D0068_LTMS5-6"", ""D0068_LTMS6-7"", ""D0068_LTMS7-8"", ""D0068_LTPS1-2"", ""D0068_LTPS2-3"", ""D0068_LTPS4-5"", ""D0068_LTPS5-6"", ""D0068_LTPS6-7"", ""D0068_LTPS7-8"", ""D0068_LTPS8-9"", ""D0068_LTPS9-10"", ""D0069_LPS10-11"", ""D0069_LPS11-12"", ""D0069_LPS12-13"", ""D0069_LPS8-9"", ""D0069_LPS9-10"", ""D0069_LTAS5-6"", ""D0069_LTAS6-7"", ""D0069_LTAS7-8"", ""D0069_LTAS8-9"", ""D0069_LTAS9-10"", ""D0069_LTMS3-4"", ""D0069_LTMS4-5"", ""D0069_LTMS5-6"", ""D0069_LTMS8-9"", ""D0069_LTMS9-10"", ""D0070_LTAM6-7"", ""D0070_LTMM10-11"", ""D0070_LTMM5-6"", ""D0070_LTMM6-7"", ""D0070_LTMM7-8"", ""D0070_LTMM8-9"", ""D0070_LTMM9-10"", ""D0070_LTMS1-2"", ""D0070_LTMS2-3"", ""D0070_LTMS3-4"", ""D0070_LTMS4-5"", ""D0070_LTMS5-6"", ""D0070_LTMS6-7"", ""D0079_LTAM7-8"", ""D0079_LTAM8-9"", ""D0079_LTAS2-3"", ""D0079_LTAS3-4"", ""D0079_LTMS1-2"", ""D0079_LTMS2-3"", ""D0079_LTMS3-4"", ""D0079_LTMS4-5"", ""D0079_LTMS5-6"", ""D0079_LTMS6-7"", ""D0079_LTMS7-8"", ""D0079_LTPS1-2"", ""D0079_LTPS2-3"", ""D0079_LTPS3-4"", ""D0079_LTPS4-5"", ""D0079_LTPS5-6"", ""D0079_LTPS6-7"", ""D0079_LTPS7-8"", ""D0085_LTAS2-3"", ""D0085_LTAS3-4"", ""D0085_LTAS4-5"", ""D0085_LTAS7-8"", ""D0085_LTPM10-11"", ""D0085_LTPM11-12"", ""D0085_LTPM12-13"", ""D0085_LTPM13-14"", ""D0085_LTPM14-15"", ""D0085_LTPS1-2"", ""D0085_LTPS2-3"", ""D0085_LTPS3-4"", ""D0085_LTPS7-8"", ""D0088_LPAI3-4"", ""D0088_LPAI4-5"", ""D0088_LPAI5-6"", ""D0088_LPAI6-7"", ""D0088_LPAI7-8"", ""D0088_LTAM7-8"", ""D0088_LTAS2-3"", ""D0088_LTAS3-4"", ""D0088_LTAS4-5"", ""D0088_LTAS5-6"", ""D0088_LTAS6-7"", ""D0088_LTAS7-8"", ""D0088_LTMS10-11"", ""D0088_LTMS11-12"", ""D0088_LTMS12-13"", ""D0092_LTAM13-14"", ""D0093_LTAM9-10"", ""D0093_LTAS2-3"", ""D0093_LTAS3-4"", ""D0093_LTAS4-5"", ""D0093_LTAS5-6"", ""D0093_LTAS6-7"", ""D0093_LTAS7-8"", ""D0093_LTPS1-2"", ""D0093_LTPS2-3"", ""D0093_LTPS3-4"", ""D0093_LTPS7-8"", ""D0093_LTPS8-9"", ""D0093_LTPS9-10"", ""D0096_LTAS4-5"", ""D0096_LTAS5-6"", ""D0096_LTAS6-7"", ""D0096_LTAS7-8"", ""D0096_LTPS2-3"", ""D0096_LTPS3-4"", ""D0096_LTPS4-5"", ""D0096_LTPS5-6"", ""D0096_LTPS7-8"", ""D0096_LTPS8-9"", ""D0096_LTPS9-10""]"
/cwork/ns458/BIDS-1.4_Phoneme_sequencing/BIDS/derivatives/decoding(bipolar)/sub-STGl/articulator/sub-STGl_task-PhonemeSequence_proc-Stimulus_recording-1_desc-Repeat_highgamma.h5,PhonemeSequence,STGl,Stimulus,Repeat,104,195,320,52,"{""low_vowel"": 24, ""labial"": 28, ""dorsal"": 24, ""high_vowel"": 28}",23,128,-1.0,1.4921875,epoch(band)(zscore),,,0,"[""D0022_LMIF5-6"", ""D0022_LPIF5-6"", ""D0024_LTG10-11"", ""D0024_LTG12-13"", ""D0024_LTG14-15"", ""D0024_LTG17-18"", ""D0028_LMST1-2"", ""D0028_LMST2-3"", ""D0028_LMST4-5"", ""D0028_LPST1-2"", ""D0028_LPST2-3"", ""D0028_LPST3-4"", ""D0035_LMST10-11"", ""D0035_LMST11-12"", ""D0035_LMST12-13"", ""D0035_LMST13-14"", ""D0035_LMST8-9"", ""D0035_LMST9-10"", ""D0041_LAMT5-6"", ""D0041_LAMT6-7"", ""D0041_LAMT7-8"", ""D0041_LAMT8-9"", ""D0049_LAMT10-11"", ""D0049_LAMT11-12"", ""D0049_LAMT9-10"", ""D0049_LAST4-5"", ""D0049_LAST5-6"", ""D0049_LAST9-10"", ""D0053_LAMT10-11"", ""D0053_LAMT11-12"", ""D0053_LAMT13-14"", ""D0053_LAMT7-8"", ""D0053_LAMT8-9"", ""D0053_LAMT9-10"", ""D0055_LAMT5-6"", ""D0056_LAMT5-6"", ""D0056_LAST2-3"", ""D0057_LAMT5-6"", ""D0057_LAMT6-7"", ""D0058_LAST1-2"", ""D0058_LAST2-3"", ""D0058_LAST3-4"", ""D0058_LAST4-5"", ""D0058_LAST5-6"", ""D0058_LAST7-8"", ""D0058_LMMT10-11"", ""D0058_LMMT11-12"", ""D0058_LMMT5-6"", ""D0058_LMMT6-7"", ""D0058_LMMT7-8"", ""D0058_LMMT8-9"", ""D0058_LMMT9-10"", ""D0059_LMIF1-2"", ""D0060_LPMT11-12"", ""D0060_LPMT12-13"", ""D0060_LPMT13-14"", ""D0064_L2ST1-2"", ""D0064_L2ST6-7"", ""D0064_L2ST7-8"", ""D0064_L2ST8-9"", ""D0064_LAST10-11"", ""D0064_LAST11-12"", ""D0064_LAST12-13"", ""D0064_LAST8-9"", ""D0064_LAST9-10"", ""D0064_LMMT10-11"", ""D0064_LMMT11-12"", ""D0064_LMMT12-13"", ""D0064_LMMT13-14"", ""D0064_LMMT14-15"", ""D0064_LMMT15-16"", ""D0068_LTAM11-12"", ""D0068_LTAM12-13"", ""D0068_LTAM3-4"", ""D0068_LTAM6-7"", ""D0068_LTAM7-8"", ""D0068_LTAS10-11"", ""D0068_LTAS11-12"", ""D0068_LTAS5-6"", ""D0068_LTAS6-7"", ""D0068_LTAS7-8"", ""D0068_LTAS8-9"", ""D0068_LTMS2-3"", ""D0068_LTMS3-4"", ""D0068_LTMS4-5"", ""D0068_LTMS5-6"", ""D0068_LTMS6-7"", ""D0068_LTMS7-8"", ""D0068_LTPS1-2"", ""D0068_LTPS2-3"", ""D0068_LTPS4-5"", ""D0068_LTPS5-6"", ""D0068_LTPS6-7"", ""D0068_LTPS7-8"", ""D0068_LTPS8-9"", ""D0068_LTPS9-10"", ""D0069_LPS10-11"", ""D0069_LPS11-12"", ""D0069_LPS12-13"", ""D0069_LPS8-9"", ""D0069_LPS9-10"", ""D0069_LTAS5-6"", ""D0069_LTAS6-7"", ""D0069_LTAS7-8"", ""D0069_LTAS8-9"", ""D0069_LTAS9-10"", ""D0069_LTMS3-4"", ""D0069_LTMS4-5"", ""D0069_LTMS5-6"", ""D0069_LTMS8-9"", ""D0069_LTMS9-10"", ""D0070_LTAM6-7"", ""D0070_LTMM10-11"", ""D0070_LTMM5-6"", ""D0070_LTMM6-7"", ""D0070_LTMM7-8"", ""D0070_LTMM8-9"", ""D0070_LTMM9-10"", ""D0070_LTMS1-2"", ""D0070_LTMS2-3"", ""D0070_LTMS3-4"", ""D0070_LTMS4-5"", ""D0070_LTMS5-6"", ""D0070_LTMS6-7"", ""D0079_LTAM7-8"", ""D0079_LTAM8-9"", ""D0079_LTAS2-3"", ""D0079_LTAS3-4"", ""D0079_LTMS1-2"", ""D0079_LTMS2-3"", ""D0079_LTMS3-4"", ""D0079_LTMS4-5"", ""D0079_LTMS5-6"", ""D0079_LTMS6-7"", ""D0079_LTMS7-8"", ""D0079_LTPS1-2"", ""D0079_LTPS2-3"", ""D0079_LTPS3-4"", ""D0079_LTPS4-5"", ""D0079_LTPS5-6"", ""D0079_LTPS6-7"", ""D0079_LTPS7-8"", ""D0085_LTAS2-3"", ""D0085_LTAS3-4"", ""D0085_LTAS4-5"", ""D0085_LTAS7-8"", ""D0085_LTPM10-11"", ""D0085_LTPM11-12"", ""D0085_LTPM12-13"", ""D0085_LTPM13-14"", ""D0085_LTPM14-15"", ""D0085_LTPS1-2"", ""D0085_LTPS2-3"", ""D0085_LTPS3-4"", ""D0085_LTPS7-8"", ""D0088_LPAI3-4"", ""D0088_LPAI4-5"", ""D0088_LPAI5-6"", ""D0088_LPAI6-7"", ""D0088_LPAI7-8"", ""D0088_LTAM7-8"", ""D0088_LTAS2-3"", ""D0088_LTAS3-4"", ""D0088_LTAS4-5"", ""D0088_LTAS5-6"", ""D0088_LTAS6-7"", ""D0088_LTAS7-8"", ""D0088_LTMS10-11"", ""D0088_LTMS11-12"", ""D0088_LTMS12-13"", ""D0092_LTAM13-14"", ""D0093_LTAM9-10"", ""D0093_LTAS2-3"", ""D0093_LTAS3-4"", ""D0093_LTAS4-5"", ""D0093_LTAS5-6"", ""D0093_LTAS6-7"", ""D0093_LTAS7-8"", ""D0093_LTPS1-2"", ""D0093_LTPS2-3"", ""D0093_LTPS3-4"", ""D0093_LTPS7-8"", ""D0093_LTPS8-9"", ""D0093_LTPS9-10"", ""D0096_LTAS4-5"", ""D0096_LTAS5-6"", ""D0096_LTAS6-7"", ""D0096_LTAS7-8"", ""D0096_LTPS2-3"", ""D0096_LTPS3-4"", ""D0096_LTPS4-5"", ""D0096_LTPS5-6"", ""D0096_LTPS7-8"", ""D0096_LTPS8-9"", ""D0096_LTPS9-10""]"
/cwork/ns458/BIDS-1.4_Phoneme_sequencing/BIDS/derivatives/decoding(bipolar)/sub-SMCl/articulator/sub-SMCl_task-PhonemeSequence_proc-Delay_recording-1_desc-Repeat_highgamma.h5,PhonemeSequence,SMCl,Delay,Repeat,104,206,320,52,"{""low_vowel"": 24, ""labial"": 28, ""dorsal"": 24, ""high_vowel"": 28}",24,128,-1.0,1.4921875,epoch(band)(zscore),,,0,"[""D0022_LPMF6-7"", ""D0022_LPSF8-9"", ""D0024_LTG3-4"", ""D0024_LTG4-5"", ""D0024_LTG5-6"", ""D0025_LPSF5-7"", ""D0025_LPSF7-9"", ""D0028_LPI5-6"", ""D0028_LPI6-7"", ""D0028_LPI7-8"", ""D0029_LPMF2-3"", ""D0029_LPMF5-6"", ""D0029_LPMF6-7"", ""D0029_LPMF7-8"", ""D0029_LPMF8-9"", ""D0029_LPSF4-5"", ""D0035_LMIF11-12"", ""D0035_LMIF12-13"", ""D0035_LMIF13-14"", ""D0035_LPI10-11"", ""D0035_LPI11-12"", ""D0035_LPI7-8"", ""D0035_LPI9-10"", ""D0041_LAMP15-16"", ""D0041_LMMF11-12"", ""D0041_LMMF12-13"", ""D0041_LMMF13-14"", ""D0041_LMMF15-16"", ""D0049_LAI10-11"", ""D0049_LAI13-14"", ""D0049_LAI14-15"", ""D0049_LAI4-5"", ""D0049_LAI5-6"", ""D0049_LAI6-7"", ""D0049_LAI9-10"", ""D0049_LPI11-12"", ""D0049_LPI12-13"", ""D0049_LPI6-7"", ""D0049_LPIF11-12"", ""D0049_LPIF12-13"", ""D0049_LPIF13-14"", ""D0049_LPIF15-16"", ""D0052_LI5-6"", ""D0052_LPIF12-13"", ""D0052_LPIF13-14"", ""D0052_LPIF14-15"", ""D0052_LPIF3-4"", ""D0053_LPIF13-14"", ""D0053_LPIF14-15"", ""D0053_LPIF15-16"", ""D0058_LAIP10-11"", ""D0058_LAIP11-12"", ""D0058_LAIP12-13"", ""D0058_LAIP13-14"", ""D0058_LAIP14-15"", ""D0058_LAIP15-16"", ""D0058_LAIP4-5"", ""D0058_LAIP5-6"", ""D0058_LAIP8-9"", ""D0058_LPI10-11"", ""D0058_LPI8-9"", ""D0058_LPI9-10"", ""D0059_LMSF10-11"", ""D0059_LMSF14-15"", ""D0059_LPSF7-8"", ""D0060_LI10-11"", ""D0060_LI11-12"", ""D0060_LI12-13"", ""D0060_LI13-14"", ""D0060_LI3-4"", ""D0060_LI4-5"", ""D0060_LI7-8"", ""D0060_LPIF14-15"", ""D0060_LPIF15-16"", ""D0061_LPI15-16"", ""D0061_LPIF13-14"", ""D0061_LPIF14-15"", ""D0061_LPIF15-16"", ""D0061_LPMF15-16"", ""D0061_LPMF3-4"", ""D0061_LPMF7-8"", ""D0061_LPMF9-10"", ""D0063_LPSF1-2"", ""D0063_LPSF2-3"", ""D0063_LPSF3-4"", ""D0064_LAIP13-14"", ""D0064_LAIP2-3"", ""D0064_LAIP5-6"", ""D0064_LAIP6-7"", ""D0064_LAIP7-8"", ""D0064_LAIP8-9"", ""D0064_LMIF7-8"", ""D0064_LMIF8-9"", ""D0067_LAI3-4"", ""D0067_LPII3-4"", ""D0068_LFPM10-11"", ""D0068_LFPM11-12"", ""D0068_LFPM13-14"", ""D0068_LFPM14-15"", ""D0068_LFPM9-10"", ""D0070_LFPI10-11"", ""D0070_LFPI11-12"", ""D0070_LFPI7-8"", ""D0070_LFPI8-9"", ""D0070_LFPI9-10"", ""D0070_LIA4-5"", ""D0070_LIP10-11"", ""D0070_LIP11-12"", ""D0070_LIP13-14"", ""D0073_LFMM14-15"", ""D0073_LFPM14-15"", ""D0073_LPAM14-15"", ""D0073_LPAM3-4"", ""D0073_LPAM4-5"", ""D0073_LPAM5-6"", ""D0073_LPAS12-13"", ""D0073_LPAS13-14"", ""D0073_LPAS5-6"", ""D0073_LPAS6-7"", ""D0073_LPAS7-8"", ""D0073_LPAS9-10"", ""D0073_LPL10-11"", ""D0073_LPL11-12"", ""D0073_LPL9-10"", ""D0073_LPMM10-11"", ""D0073_LPMM11-12"", ""D0073_LPMM12-13"", ""D0073_LPMM13-14"", ""D0073_LPMM2-3"", ""D0073_LPMS10-11"", ""D0073_LPMS11-12"", ""D0073_LPMS12-13"", ""D0073_LPMS14-15"", ""D0073_LPMS3-4"", ""D0073_LPMS6-7"", ""D0073_LPMS9-10"", ""D0073_LPPS1-2"", ""D0073_LPPS10-11"", ""D0073_LPPS11-12"", ""D0073_LPPS3-4"", ""D0073_LPPS6-7"", ""D0073_LPPS7-8"", ""D0073_LPPS8-9"", ""D0073_LPPS9-10"", ""D0079_LFMM12-13"", ""D0079_LFMM13-14"", ""D0079_LFMM14-15"", ""D0079_LFMM15-16"", ""D0079_LFMM16-17"", ""D0079_LFMM17-18"", ""D0079_LPAM13-14"", ""D0079_LPAM14-15"", ""D0079_LPAM15-16"", ""D0079_LPAM2-3"", ""D0079_LPAM3-4"", ""D0079_LPAM4-5"", ""D0079_LPI16-17"", ""D0088_LFPM1-2"", ""D0088_LFPM2-3"", ""D0088_LFPM6-7"", ""D0088_LPI11-12"", ""D0088_LPI12-13"", ""D0088_LPI13-14"", ""D0088_LPI14-15"", ""D0088_LPI15-16"", ""D0088_LPI5-6"", ""D0093_LFAI1-2"", ""D0093_LFAI4-5"", ""D0093_LFAI5-6"", ""D0093_LFAI6-7"", ""D0093_LFAI7-8"", ""D0093_LFPI1-2"", ""D0093_LFPI4-5"", ""D0093_LFPI5-6"", ""D0093_LFPI6-7"", ""D0093_LFPI7-8"", ""D0093_LFPI8-9"", ""D0093_LFPI9-10"", ""D0093_LPAM14-15"", ""D0093_LPAM15-16"", ""D0093_LPAM6-7"", ""D0093_LPAM7-8"", ""D0096_LFAI3-4"", ""D0096_LFAI5-6"", ""D0096_LFAI9-10"", ""D0096_LFMI4-5"", ""D0096_LFMI5-6"", ""D0096_LFMI6-7"", ""D0096_LFMI7-8"", ""D0096_LFMI9-10"", ""D0096_LFMM11-12"", ""D0096_LFMM12-13"", ""D0096_LFMM13-14"", ""D0096_LFMM14-15"", ""D0096_LFMM15-16"", ""D0096_LFMM16-17"", ""D0096_LFMM17-18"", ""D0096_LFPS13-14"", ""D0096_LFPS14-15"", ""D0096_LPAI10-11"", ""D0096_LPAI13-14"", ""D0096_LPAI14-15"", ""D0096_LPAI6-7"", ""D0096_LPAI7-8"", ""D0096_LPAI8-9"", ""D0096_LPAI9-10""]"
/cwork/ns458/BIDS-1.4_Phoneme_sequencing/BIDS/derivatives/decoding(bipolar)/sub-SMCl/articulator/sub-SMCl_task-PhonemeSequence_proc-Go_recording-1_desc-Repeat_highgamma.h5,PhonemeSequence,SMCl,Go,Repeat,104,206,320,52,"{""low_vowel"": 24, ""labial"": 28, ""dorsal"": 24, ""high_vowel"": 28}",24,128,-1.0,1.4921875,epoch(band)(zscore),,,0,"[""D0022_LPMF6-7"", ""D0022_LPSF8-9"", ""D0024_LTG3-4"", ""D0024_LTG4-5"", ""D0024_LTG5-6"", ""D0025_LPSF5-7"", ""D0025_LPSF7-9"", ""D0028_LPI5-6"", ""D0028_LPI6-7"", ""D0028_LPI7-8"", ""D0029_LPMF2-3"", ""D0029_LPMF5-6"", ""D0029_LPMF6-7"", ""D0029_LPMF7-8"", ""D0029_LPMF8-9"", ""D0029_LPSF4-5"", ""D0035_LMIF11-12"", ""D0035_LMIF12-13"", ""D0035_LMIF13-14"", ""D0035_LPI10-11"", ""D0035_LPI11-12"", ""D0035_LPI7-8"", ""D0035_LPI9-10"", ""D0041_LAMP15-16"", ""D0041_LMMF11-12"", ""D0041_LMMF12-13"", ""D0041_LMMF13-14"", ""D0041_LMMF15-16"", ""D0049_LAI10-11"", ""D0049_LAI13-14"", ""D0049_LAI14-15"", ""D0049_LAI4-5"", ""D0049_LAI5-6"", ""D0049_LAI6-7"", ""D0049_LAI9-10"", ""D0049_LPI11-12"", ""D0049_LPI12-13"", ""D0049_LPI6-7"", ""D0049_LPIF11-12"", ""D0049_LPIF12-13"", ""D0049_LPIF13-14"", ""D0049_LPIF15-16"", ""D0052_LI5-6"", ""D0052_LPIF12-13"", ""D0052_LPIF13-14"", ""D0052_LPIF14-15"", ""D0052_LPIF3-4"", ""D0053_LPIF13-14"", ""D0053_LPIF14-15"", ""D0053_LPIF15-16"", ""D0058_LAIP10-11"", ""D0058_LAIP11-12"", ""D0058_LAIP12-13"", ""D0058_LAIP13-14"", ""D0058_LAIP14-15"", ""D0058_LAIP15-16"", ""D0058_LAIP4-5"", ""D0058_LAIP5-6"", ""D0058_LAIP8-9"", ""D0058_LPI10-11"", ""D0058_LPI8-9"", ""D0058_LPI9-10"", ""D0059_LMSF10-11"", ""D0059_LMSF14-15"", ""D0059_LPSF7-8"", ""D0060_LI10-11"", ""D0060_LI11-12"", ""D0060_LI12-13"", ""D0060_LI13-14"", ""D0060_LI3-4"", ""D0060_LI4-5"", ""D0060_LI7-8"", ""D0060_LPIF14-15"", ""D0060_LPIF15-16"", ""D0061_LPI15-16"", ""D0061_LPIF13-14"", ""D0061_LPIF14-15"", ""D0061_LPIF15-16"", ""D0061_LPMF15-16"", ""D0061_LPMF3-4"", ""D0061_LPMF7-8"", ""D0061_LPMF9-10"", ""D0063_LPSF1-2"", ""D0063_LPSF2-3"", ""D0063_LPSF3-4"", ""D0064_LAIP13-14"", ""D0064_LAIP2-3"", ""D0064_LAIP5-6"", ""D0064_LAIP6-7"", ""D0064_LAIP7-8"", ""D0064_LAIP8-9"", ""D0064_LMIF7-8"", ""D0064_LMIF8-9"", ""D0067_LAI3-4"", ""D0067_LPII3-4"", ""D0068_LFPM10-11"", ""D0068_LFPM11-12"", ""D0068_LFPM13-14"", ""D0068_LFPM14-15"", ""D0068_LFPM9-10"", ""D0070_LFPI10-11"", ""D0070_LFPI11-12"", ""D0070_LFPI7-8"", ""D0070_LFPI8-9"", ""D0070_LFPI9-10"", ""D0070_LIA4-5"", ""D0070_LIP10-11"", ""D0070_LIP11-12"", ""D0070_LIP13-14"", ""D0073_LFMM14-15"", ""D0073_LFPM14-15"", ""D0073_LPAM14-15"", ""D0073_LPAM3-4"", ""D0073_LPAM4-5"", ""D0073_LPAM5-6"", ""D0073_LPAS12-13"", ""D0073_LPAS13-14"", ""D0073_LPAS5-6"", ""D0073_LPAS6-7"", ""D0073_LPAS7-8"", ""D0073_LPAS9-10"", ""D0073_LPL10-11"", ""D0073_LPL11-12"", ""D0073_LPL9-10"", ""D0073_LPMM10-11"", ""D0073_LPMM11-12"", ""D0073_LPMM12-13"", ""D0073_LPMM13-14"", ""D0073_LPMM2-3"", ""D0073_LPMS10-11"", ""D0073_LPMS11-12"", ""D0073_LPMS12-13"", ""D0073_LPMS14-15"", ""D0073_LPMS3-4"", ""D0073_LPMS6-7"", ""D0073_LPMS9-10"", ""D0073_LPPS1-2"", ""D0073_LPPS10-11"", ""D0073_LPPS11-12"", ""D0073_LPPS3-4"", ""D0073_LPPS6-7"", ""D0073_LPPS7-8"", ""D0073_LPPS8-9"", ""D0073_LPPS9-10"", ""D0079_LFMM12-13"", ""D0079_LFMM13-14"", ""D0079_LFMM14-15"", ""D0079_LFMM15-16"", ""D0079_LFMM16-17"", ""D0079_LFMM17-18"", ""D0079_LPAM13-14"", ""D0079_LPAM14-15"", ""D0079_LPAM15-16"", ""D0079_LPAM2-3"", ""D0079_LPAM3-4"", ""D0079_LPAM4-5"", ""D0079_LPI16-17"", ""D0088_LFPM1-2"", ""D0088_LFPM2-3"", ""D0088_LFPM6-7"", ""D0088_LPI11-12"", ""D0088_LPI12-13"", ""D0088_LPI13-14"", ""D0088_LPI14-15"", ""D0088_LPI15-16"", ""D0088_LPI5-6"", ""D0093_LFAI1-2"", ""D0093_LFAI4-5"", ""D0093_LFAI5-6"", ""D0093_LFAI6-7"", ""D0093_LFAI7-8"", ""D0093_LFPI1-2"", ""D0093_LFPI4-5"", ""D0093_LFPI5-6"", ""D0093_LFPI6-7"", ""D0093_LFPI7-8"", ""D0093_LFPI8-9"", ""D0093_LFPI9-10"", ""D0093_LPAM14-15"", ""D0093_LPAM15-16"", ""D0093_LPAM6-7"", ""D0093_LPAM7-8"", ""D0096_LFAI3-4"", ""D0096_LFAI5-6"", ""D0096_LFAI9-10"", ""D0096_LFMI4-5"", ""D0096_LFMI5-6"", ""D0096_LFMI6-7"", ""D0096_LFMI7-8"", ""D0096_LFMI9-10"", ""D0096_LFMM11-12"", ""D0096_LFMM12-13"", ""D0096_LFMM13-14"", ""D0096_LFMM14-15"", ""D0096_LFMM15-16"", ""D0096_LFMM16-17"", ""D0096_LFMM17-18"", ""D0096_LFPS13-14"", ""D0096_LFPS14-15"", ""D0096_LPAI10-11"", ""D0096_LPAI13-14"", ""D0096_LPAI14-15"", ""D0096_LPAI6-7"", ""D0096_LPAI7-8"", ""D0096_LPAI8-9"", ""D0096_LPAI9-10""]"
/cwork/ns458/BIDS-1.4_Phoneme_sequencing/BIDS/derivatives/decoding(bipolar)/sub-SMCl/articulator/sub-SMCl_task-PhonemeSequence_proc-Response_recording-1_desc-Repeat_highgamma.h5,PhonemeSequence,SMCl,Response,Repeat,104,206,320,52,"{""low_vowel"": 24, ""labial"": 28, ""dorsal"": 24, ""high_vowel"": 28}",24,128,-1.0,1.4921875,epoch(band)(zscore),,,0,"[""D0022_LPMF6-7"", ""D0022_LPSF8-9"", ""D0024_LTG3-4"", ""D0024_LTG4-5"", ""D0024_LTG5-6"", ""D0025_LPSF5-7"", ""D0025_LPSF7-9"", ""D0028_LPI5-6"", ""D0028_LPI6-7"", ""D0028_LPI7-8"", ""D0029_LPMF2-3"", ""D0029_LPMF5-6"", ""D0029_LPMF6-7"", ""D0029_LPMF7-8"", ""D0029_LPMF8-9"", ""D0029_LPSF4-5"", ""D0035_LMIF11-12"", ""D0035_LMIF12-13"", ""D0035_LMIF13-14"", ""D0035_LPI10-11"", ""D0035_LPI11-12"", ""D0035_LPI7-8"", ""D0035_LPI9-10"", ""D0041_LAMP15-16"", ""D0041_LMMF11-12"", ""D0041_LMMF12-13"", ""D0041_LMMF13-14"", ""D0041_LMMF15-16"", ""D0049_LAI10-11"", ""D0049_LAI13-14"", ""D0049_LAI14-15"", ""D0049_LAI4-5"", ""D0049_LAI5-6"", ""D0049_LAI6-7"", ""D0049_LAI9-10"", ""D0049_LPI11-12"", ""D0049_LPI12-13"", ""D0049_LPI6-7"", ""D0049_LPIF11-12"", ""D0049_LPIF12-13"", ""D0049_LPIF13-14"", ""D0049_LPIF15-16"", ""D0052_LI5-6"", ""D0052_LPIF12-13"", ""D0052_LPIF13-14"", ""D0052_LPIF14-15"", ""D0052_LPIF3-4"", ""D0053_LPIF13-14"", ""D0053_LPIF14-15"", ""D0053_LPIF15-16"", ""D0058_LAIP10-11"", ""D0058_LAIP11-12"", ""D0058_LAIP12-13"", ""D0058_LAIP13-14"", ""D0058_LAIP14-15"", ""D0058_LAIP15-16"", ""D0058_LAIP4-5"", ""D0058_LAIP5-6"", ""D0058_LAIP8-9"", ""D0058_LPI10-11"", ""D0058_LPI8-9"", ""D0058_LPI9-10"", ""D0059_LMSF10-11"", ""D0059_LMSF14-15"", ""D0059_LPSF7-8"", ""D0060_LI10-11"", ""D0060_LI11-12"", ""D0060_LI12-13"", ""D0060_LI13-14"", ""D0060_LI3-4"", ""D0060_LI4-5"", ""D0060_LI7-8"", ""D0060_LPIF14-15"", ""D0060_LPIF15-16"", ""D0061_LPI15-16"", ""D0061_LPIF13-14"", ""D0061_LPIF14-15"", ""D0061_LPIF15-16"", ""D0061_LPMF15-16"", ""D0061_LPMF3-4"", ""D0061_LPMF7-8"", ""D0061_LPMF9-10"", ""D0063_LPSF1-2"", ""D0063_LPSF2-3"", ""D0063_LPSF3-4"", ""D0064_LAIP13-14"", ""D0064_LAIP2-3"", ""D0064_LAIP5-6"", ""D0064_LAIP6-7"", ""D0064_LAIP7-8"", ""D0064_LAIP8-9"", ""D0064_LMIF7-8"", ""D0064_LMIF8-9"", ""D0067_LAI3-4"", ""D0067_LPII3-4"", ""D0068_LFPM10-11"", ""D0068_LFPM11-12"", ""D0068_LFPM13-14"", ""D0068_LFPM14-15"", ""D0068_LFPM9-10"", ""D0070_LFPI10-11"", ""D0070_LFPI11-12"", ""D0070_LFPI7-8"", ""D0070_LFPI8-9"", ""D0070_LFPI9-10"", ""D0070_LIA4-5"", ""D0070_LIP10-11"", ""D0070_LIP11-12"", ""D0070_LIP13-14"", ""D0073_LFMM14-15"", ""D0073_LFPM14-15"", ""D0073_LPAM14-15"", ""D0073_LPAM3-4"", ""D0073_LPAM4-5"", ""D0073_LPAM5-6"", ""D0073_LPAS12-13"", ""D0073_LPAS13-14"", ""D0073_LPAS5-6"", ""D0073_LPAS6-7"", ""D0073_LPAS7-8"", ""D0073_LPAS9-10"", ""D0073_LPL10-11"", ""D0073_LPL11-12"", ""D0073_LPL9-10"", ""D0073_LPMM10-11"", ""D0073_LPMM11-12"", ""D0073_LPMM12-13"", ""D0073_LPMM13-14"", ""D0073_LPMM2-3"", ""D0073_LPMS10-11"", ""D0073_LPMS11-12"", ""D0073_LPMS12-13"", ""D0073_LPMS14-15"", ""D0073_LPMS3-4"", ""D0073_LPMS6-7"", ""D0073_LPMS9-10"", ""D0073_LPPS1-2"", ""D0073_LPPS10-11"", ""D0073_LPPS11-12"", ""D0073_LPPS3-4"", ""D0073_LPPS6-7"", ""D0073_LPPS7-8"", ""D0073_LPPS8-9"", ""D0073_LPPS9-10"", ""D0079_LFMM12-13"", ""D0079_LFMM13-14"", ""D0079_LFMM14-15"", ""D0079_LFMM15-16"", ""D0079_LFMM16-17"", ""D0079_LFMM17-18"", ""D0079_LPAM13-14"", ""D0079_LPAM14-15"", ""D0079_LPAM15-16"", ""D0079_LPAM2-3"", ""D0079_LPAM3-4"", ""D0079_LPAM4-5"", ""D0079_LPI16-17"", ""D0088_LFPM1-2"", ""D0088_LFPM2-3"", ""D0088_LFPM6-7"", ""D0088_LPI11-12"", ""D0088_LPI12-13"", ""D0088_LPI13-14"", ""D0088_LPI14-15"", ""D0088_LPI15-16"", ""D0088_LPI5-6"", ""D0093_LFAI1-2"", ""D0093_LFAI4-5"", ""D0093_LFAI5-6"", ""D0093_LFAI6-7"", ""D0093_LFAI7-8"", ""D0093_LFPI1-2"", ""D0093_LFPI4-5"", ""D0093_LFPI5-6"", ""D0093_LFPI6-7"", ""D0093_LFPI7-8"", ""D0093_LFPI8-9"", ""D0093_LFPI9-10"", ""D0093_LPAM14-15"", ""D0093_LPAM15-16"", ""D0093_LPAM6-7"", ""D0093_LPAM7-8"", ""D0096_LFAI3-4"", ""D0096_LFAI5-6"", ""D0096_LFAI9-10"", ""D0096_LFMI4-5"", ""D0096_LFMI5-6"", ""D0096_LFMI6-7"", ""D0096_LFMI7-8"", ""D0096_LFMI9-10"", ""D0096_LFMM11-12"", ""D0096_LFMM12-13"", ""D0096_LFMM13-14"", ""D0096_LFMM14-15"", ""D0096_LFMM15-16"", ""D0096_LFMM16-17"", ""D0096_LFMM17-18"", ""D0096_LFPS13-14"", ""D0096_LFPS14-15"", ""D0096_LPAI10-11"", ""D0096_LPAI13-14"", ""D0096_LPAI14-15"", ""D0096_LPAI6-7"", ""D0096_LPAI7-8"", ""D0096_LPAI8-9"", ""D0096_LPAI9-10""]"
/cwork/ns458/BIDS-1.4_Phoneme_sequencing/BIDS/derivatives/decoding(bipolar)/sub-SMCl/articulator/sub-SMCl_task-PhonemeSequence_proc-Stimulus_recording-1_desc-Repeat_highgamma.h5,PhonemeSequence,SMCl,Stimulus,Repeat,104,206,320,52,"{""low_vowel"": 24, ""labial"": 28, ""dorsal"": 24, ""high_vowel"": 28}",24,128,-1.0,1.4921875,epoch(band)(zscore),,,0,"[""D0022_LPMF6-7"", ""D0022_LPSF8-9"", ""D0024_LTG3-4"", ""D0024_LTG4-5"", ""D0024_LTG5-6"", ""D0025_LPSF5-7"", ""D0025_LPSF7-9"", ""D0028_LPI5-6"", ""D0028_LPI6-7"", ""D0028_LPI7-8"", ""D0029_LPMF2-3"", ""D0029_LPMF5-6"", ""D0029_LPMF6-7"", ""D0029_LPMF7-8"", ""D0029_LPMF8-9"", ""D0029_LPSF4-5"", ""D0035_LMIF11-12"", ""D0035_LMIF12-13"", ""D0035_LMIF13-14"", ""D0035_LPI10-11"", ""D0035_LPI11-12"", ""D0035_LPI7-8"", ""D0035_LPI9-10"", ""D0041_LAMP15-16"", ""D0041_LMMF11-12"", ""D0041_LMMF12-13"", ""D0041_LMMF13-14"", ""D0041_LMMF15-16"", ""D0049_LAI10-11"", ""D0049_LAI13-14"", ""D0049_LAI14-15"", ""D0049_LAI4-5"", ""D0049_LAI5-6"", ""D0049_LAI6-7"", ""D0049_LAI9-10"", ""D0049_LPI11-12"", ""D0049_LPI12-13"", ""D0049_LPI6-7"", ""D0049_LPIF11-12"", ""D0049_LPIF12-13"", ""D0049_LPIF13-14"", ""D0049_LPIF15-16"", ""D0052_LI5-6"", ""D0052_LPIF12-13"", ""D0052_LPIF13-14"", ""D0052_LPIF14-15"", ""D0052_LPIF3-4"", ""D0053_LPIF13-14"", ""D0053_LPIF14-15"", ""D0053_LPIF15-16"", ""D0058_LAIP10-11"", ""D0058_LAIP11-12"", ""D0058_LAIP12-13"", ""D0058_LAIP13-14"", ""D0058_LAIP14-15"", ""D0058_LAIP15-16"", ""D0058_LAIP4-5"", ""D0058_LAIP5-6"", ""D0058_LAIP8-9"", ""D0058_LPI10-11"", ""D0058_LPI8-9"", ""D0058_LPI9-10"", ""D0059_LMSF10-11"", ""D0059_LMSF14-15"", ""D0059_LPSF7-8"", ""D0060_LI10-11"", ""D0060_LI11-12"", ""D0060_LI12-13"", ""D0060_LI13-14"", ""D0060_LI3-4"", ""D0060_LI4-5"", ""D0060_LI7-8"", ""D0060_LPIF14-15"", ""D0060_LPIF15-16"", ""D0061_LPI15-16"", ""D0061_LPIF13-14"", ""D0061_LPIF14-15"", ""D0061_LPIF15-16"", ""D0061_LPMF15-16"", ""D0061_LPMF3-4"", ""D0061_LPMF7-8"", ""D0061_LPMF9-10"", ""D0063_LPSF1-2"", ""D0063_LPSF2-3"", ""D0063_LPSF3-4"", ""D0064_LAIP13-14"", ""D0064_LAIP2-3"", ""D0064_LAIP5-6"", ""D0064_LAIP6-7"", ""D0064_LAIP7-8"", ""D0064_LAIP8-9"", ""D0064_LMIF7-8"", ""D0064_LMIF8-9"", ""D0067_LAI3-4"", ""D0067_LPII3-4"", ""D0068_LFPM10-11"", ""D0068_LFPM11-12"", ""D0068_LFPM13-14"", ""D0068_LFPM14-15"", ""D0068_LFPM9-10"", ""D0070_LFPI10-11"", ""D0070_LFPI11-12"", ""D0070_LFPI7-8"", ""D0070_LFPI8-9"", ""D0070_LFPI9-10"", ""D0070_LIA4-5"", ""D0070_LIP10-11"", ""D0070_LIP11-12"", ""D0070_LIP13-14"", ""D0073_LFMM14-15"", ""D0073_LFPM14-15"", ""D0073_LPAM14-15"", ""D0073_LPAM3-4"", ""D0073_LPAM4-5"", ""D0073_LPAM5-6"", ""D0073_LPAS12-13"", ""D0073_LPAS13-14"", ""D0073_LPAS5-6"", ""D0073_LPAS6-7"", ""D0073_LPAS7-8"", ""D0073_LPAS9-10"", ""D0073_LPL10-11"", ""D0073_LPL11-12"", ""D0073_LPL9-10"", ""D0073_LPMM10-11"", ""D0073_LPMM11-12"", ""D0073_LPMM12-13"", ""D0073_LPMM13-14"", ""D0073_LPMM2-3"", ""D0073_LPMS10-11"", ""D0073_LPMS11-12"", ""D0073_LPMS12-13"", ""D0073_LPMS14-15"", ""D0073_LPMS3-4"", ""D0073_LPMS6-7"", ""D0073_LPMS9-10"", ""D0073_LPPS1-2"", ""D0073_LPPS10-11"", ""D0073_LPPS11-12"", ""D0073_LPPS3-4"", ""D0073_LPPS6-7"", ""D0073_LPPS7-8"", ""D0073_LPPS8-9"", ""D0073_LPPS9-10"", ""D0079_LFMM12-13"", ""D0079_LFMM13-14"", ""D0079_LFMM14-15"", ""D0079_LFMM15-16"", ""D0079_LFMM16-17"", ""D0079_LFMM17-18"", ""D0079_LPAM13-14"", ""D0079_LPAM14-15"", ""D0079_LPAM15-16"", ""D0079_LPAM2-3"", ""D0079_LPAM3-4"", ""D0079_LPAM4-5"", ""D0079_LPI16-17"", ""D0088_LFPM1-2"", ""D0088_LFPM2-3"", ""D0088_LFPM6-7"", ""D0088_LPI11-12"", ""D0088_LPI12-13"", ""D0088_LPI13-14"", ""D0088_LPI14-15"", ""D0088_LPI15-16"", ""D0088_LPI5-6"", ""D0093_LFAI1-2"", ""D0093_LFAI4-5"", ""D0093_LFAI5-6"", ""D0093_LFAI6-7"", ""D0093_LFAI7-8"", ""D0093_LFPI1-2"", ""D0093_LFPI4-5"", ""D0093_LFPI5-6"", ""D0093_LFPI6-7"", ""D0093_LFPI7-8"", ""D0093_LFPI8-9"", ""D0093_LFPI9-10"", ""D0093_LPAM14-15"", ""D0093_LPAM15-16"", ""D0093_LPAM6-7"", ""D0093_LPAM7-8"", ""D0096_LFAI3-4"", ""D0096_LFAI5-6"", ""D0096_LFAI9-10"", ""D0096_LFMI4-5"", ""D0096_LFMI5-6"", ""D0096_LFMI6-7"", ""D0096_LFMI7-8"", ""D0096_LFMI9-10"", ""D0096_LFMM11-12"", ""D0096_LFMM12-13"", ""D0096_LFMM13-14"", ""D0096_LFMM14-15"", ""D0096_LFMM15-16"", ""D0096_LFMM16-17"", ""D0096_LFMM17-18"", ""D0096_LFPS13-14"", ""D0096_LFPS14-15"", ""D0096_LPAI10-11"", ""D0096_LPAI13-14"", ""D0096_LPAI14-15"", ""D0096_LPAI6-7"", ""D0096_LPAI7-8"", ""D0096_LPAI8-9"", ""D0096_LPAI9-10""]"
/cwork/ns458/BIDS-1.4_Phoneme_sequencing/BIDS/derivatives/decoding(bipolar)/sub-MFGl/articulator/sub-MFGl_task-PhonemeSequence_proc-Delay_recording-1_desc-Repeat_highgamma.h5,PhonemeSequence,MFGl,Delay,Repeat,104,210,320,52,"{""low_vowel"": 24, ""labial"": 28, ""dorsal"": 24, ""high_vowel"": 28}",24,128,-1.0,1.4921875,epoch(band)(zscore),,,0,"[""D0022_LAMF1-2"", ""D0022_LAMF2-3"", ""D0022_LAMF3-4"", ""D0022_LAMF4-5"", ""D0022_LAMF5-6"", ""D0022_LAMF6-7"", ""D0028_LAI6-7"", ""D0028_LAI7-8"", ""D0028_LAI8-9"", ""D0028_LAI9-10"", ""D0028_LAMF3-4"", ""D0028_LAMF4-5"", ""D0028_LAMF5-6"", ""D0028_LAMF6-7"", ""D0028_LAMF7-8"", ""D0028_LAMF8-9"", ""D0028_LAMF9-10"", ""D0028_LPMF9-10"", ""D0029_LMMF3-4"", ""D0029_LMMF4-5"", ""D0029_LMMF5-6"", ""D0029_LMMF6-7"", ""D0029_LMMF7-8"", ""D0029_LMMF8-9"", ""D0029_LMMF9-10"", ""D0035_LAI10-11"", ""D0035_LAI14-15"", ""D0035_LAI15-16"", ""D0035_LAI9-10"", ""D0035_LMIF10-11"", ""D0035_LMIF9-10"", ""D0041_LAIF13-14"", ""D0041_LAIF14-15"", ""D0041_LMMF10-11"", ""D0041_LMMF9-10"", ""D0049_LMIF10-11"", ""D0049_LMIF11-12"", ""D0049_LMIF9-10"", ""D0052_LAIF10-11"", ""D0052_LAIF11-12"", ""D0052_LAIF12-13"", ""D0052_LAIF13-14"", ""D0052_LI10-11"", ""D0052_LI11-12"", ""D0052_LI12-13"", ""D0052_LI13-14"", ""D0052_LI14-15"", ""D0052_LI15-16"", ""D0052_LI9-10"", ""D0053_LAIF10-11"", ""D0053_LAIF11-12"", ""D0053_LAIF12-13"", ""D0053_LAIF13-14"", ""D0053_LPI11-12"", ""D0053_LPI12-13"", ""D0053_LPI13-14"", ""D0058_LPI15-16"", ""D0059_LMMF10-11"", ""D0059_LMMF11-12"", ""D0059_LMMF7-8"", ""D0059_LMMF8-9"", ""D0059_LMMF9-10"", ""D0059_LPSF11-12"", ""D0059_LPSF12-13"", ""D0059_LPSF13-14"", ""D0059_LPSF14-15"", ""D0059_LPSF15-16"", ""D0061_LAI10-11"", ""D0061_LAI15-16"", ""D0061_LAI8-9"", ""D0061_LAI9-10"", ""D0061_LAMF10-11"", ""D0061_LAMF11-12"", ""D0061_LAMF8-9"", ""D0061_LAMF9-10"", ""D0061_LMMF10-11"", ""D0061_LMMF11-12"", ""D0061_LMMF12-13"", ""D0061_LMMF13-14"", ""D0061_LMMF6-7"", ""D0061_LMMF7-8"", ""D0061_LMMF8-9"", ""D0061_LMMF9-10"", ""D0061_LPIF10-11"", ""D0061_LPIF11-12"", ""D0064_LAI12-13"", ""D0067_LAC5-6"", ""D0067_LAC7-8"", ""D0067_LFG11-12"", ""D0067_LFG22-23"", ""D0067_LFG23-24"", ""D0067_LFG27-28"", ""D0067_LFG28-29"", ""D0067_LFG29-30"", ""D0067_LFG3-4"", ""D0067_LFG35-36"", ""D0067_LFG4-5"", ""D0068_LAI10-11"", ""D0068_LAI11-12"", ""D0068_LAI14-15"", ""D0068_LAI15-16"", ""D0068_LAI9-10"", ""D0068_LFPM6-7"", ""D0068_LFPM7-8"", ""D0070_LFAI7-8"", ""D0070_LFAI8-9"", ""D0070_LFAI9-10"", ""D0070_LIA7-8"", ""D0070_LIA8-9"", ""D0070_LIA9-10"", ""D0073_LFAI8-9"", ""D0073_LFAM10-11"", ""D0073_LFAM11-12"", ""D0073_LFAM9-10"", ""D0073_LFAP10-11"", ""D0073_LFAP11-12"", ""D0073_LFAP4-5"", ""D0073_LFAP5-6"", ""D0073_LFAP6-7"", ""D0073_LFAP7-8"", ""D0073_LFAP8-9"", ""D0073_LFAP9-10"", ""D0073_LFAS10-11"", ""D0073_LFAS11-12"", ""D0073_LFAS5-6"", ""D0073_LFAS6-7"", ""D0073_LFAS7-8"", ""D0073_LFAS8-9"", ""D0073_LFAS9-10"", ""D0073_LFMM12-13"", ""D0073_LFMS11-12"", ""D0073_LFMS4-5"", ""D0073_LFMS5-6"", ""D0073_LFMS6-7"", ""D0073_LFMS7-8"", ""D0073_LFPM2-3"", ""D0073_LFPM5-6"", ""D0073_LFPM6-7"", ""D0073_LFPM7-8"", ""D0073_LFPS7-8"", ""D0073_LFPS8-9"", ""D0073_LFPS9-10"", ""D0073_LPL3-4"", ""D0073_LPL4-5"", ""D0073_LPL5-6"", ""D0073_LPL6-7"", ""D0073_LPL7-8"", ""D0073_LPL8-9"", ""D0079_LAI13-14"", ""D0079_LAI14-15"", ""D0079_LAI15-16"", ""D0079_LAI17-18"", ""D0079_LFAM10-11"", ""D0079_LFAM11-12"", ""D0079_LFAM12-13"", ""D0079_LFAM13-14"", ""D0079_LFAM6-7"", ""D0079_LFAM7-8"", ""D0079_LFAM8-9"", ""D0079_LFAM9-10"", ""D0079_LFMM10-11"", ""D0084_LFAM5-6"", ""D0084_LFAM6-7"", ""D0084_LFAM7-8"", ""D0084_LFAM8-9"", ""D0084_LFAM9-10"", ""D0085_LAI7-8"", ""D0085_LAI8-9"", ""D0085_LAI9-10"", ""D0085_LFAM10-11"", ""D0085_LFAM11-12"", ""D0085_LFAM12-13"", ""D0085_LFAM13-14"", ""D0088_LAI11-12"", ""D0088_LAI12-13"", ""D0088_LAI13-14"", ""D0088_LFAM10-11"", ""D0088_LFAM11-12"", ""D0092_LIA6-7"", ""D0092_LIA9-10"", ""D0093_LFAM10-11"", ""D0093_LFAM11-12"", ""D0093_LFAM12-13"", ""D0093_LFAM13-14"", ""D0095_LFAI11-12"", ""D0095_LFAI2-8"", ""D0095_LFAI8-9"", ""D0095_LIA12-13"", ""D0096_LFAM10-11"", ""D0096_LFAM11-12"", ""D0096_LFAM6-7"", ""D0096_LFAM7-8"", ""D0096_LFMM9-10"", ""D0096_LFMS10-11"", ""D0096_LFMS11-12"", ""D0096_LFMS6-7"", ""D0096_LFMS7-8"", ""D0096_LFMS8-9"", ""D0096_LFMS9-10"", ""D0096_LFOS12-13"", ""D0096_LFOS13-14"", ""D0096_LFOS15-16"", ""D0096_LFOS16-17"", ""D0096_LFOS17-18"", ""D0096_LFPS12-13"", ""D0096_LFPS6-7"", ""D0096_LFPS7-8"", ""D0096_LIA11-12"", ""D0096_LIA12-13"", ""D0096_LIP14-15""]"
/cwork/ns458/BIDS-1.4_Phoneme_sequencing/BIDS/derivatives/decoding(bipolar)/sub-MFGl/articulator/sub-MFGl_task-PhonemeSequence_proc-Go_recording-1_desc-Repeat_highgamma.h5,PhonemeSequence,MFGl,Go,Repeat,104,210,320,52,"{""low_vowel"": 24, ""labial"": 28, ""dorsal"": 24, ""high_vowel"": 28}",24,128,-1.0,1.4921875,epoch(band)(zscore),,,0,"[""D0022_LAMF1-2"", ""D0022_LAMF2-3"", ""D0022_LAMF3-4"", ""D0022_LAMF4-5"", ""D0022_LAMF5-6"", ""D0022_LAMF6-7"", ""D0028_LAI6-7"", ""D0028_LAI7-8"", ""D0028_LAI8-9"", ""D0028_LAI9-10"", ""D0028_LAMF3-4"", ""D0028_LAMF4-5"", ""D0028_LAMF5-6"", ""D0028_LAMF6-7"", ""D0028_LAMF7-8"", ""D0028_LAMF8-9"", ""D0028_LAMF9-10"", ""D0028_LPMF9-10"", ""D0029_LMMF3-4"", ""D0029_LMMF4-5"", ""D0029_LMMF5-6"", ""D0029_LMMF6-7"", ""D0029_LMMF7-8"", ""D0029_LMMF8-9"", ""D0029_LMMF9-10"", ""D0035_LAI10-11"", ""D0035_LAI14-15"", ""D0035_LAI15-16"", ""D0035_LAI9-10"", ""D0035_LMIF10-11"", ""D0035_LMIF9-10"", ""D0041_LAIF13-14"", ""D0041_LAIF14-15"", ""D0041_LMMF10-11"", ""D0041_LMMF9-10"", ""D0049_LMIF10-11"", ""D0049_LMIF11-12"", ""D0049_LMIF9-10"", ""D0052_LAIF10-11"", ""D0052_LAIF11-12"", ""D0052_LAIF12-13"", ""D0052_LAIF13-14"", ""D0052_LI10-11"", ""D0052_LI11-12"", ""D0052_LI12-13"", ""D0052_LI13-14"", ""D0052_LI14-15"", ""D0052_LI15-16"", ""D0052_LI9-10"", ""D0053_LAIF10-11"", ""D0053_LAIF11-12"", ""D0053_LAIF12-13"", ""D0053_LAIF13-14"", ""D0053_LPI11-12"", ""D0053_LPI12-13"", ""D0053_LPI13-14"", ""D0058_LPI15-16"", ""D0059_LMMF10-11"", ""D0059_LMMF11-12"", ""D0059_LMMF7-8"", ""D0059_LMMF8-9"", ""D0059_LMMF9-10"", ""D0059_LPSF11-12"", ""D0059_LPSF12-13"", ""D0059_LPSF13-14"", ""D0059_LPSF14-15"", ""D0059_LPSF15-16"", ""D0061_LAI10-11"", ""D0061_LAI15-16"", ""D0061_LAI8-9"", ""D0061_LAI9-10"", ""D0061_LAMF10-11"", ""D0061_LAMF11-12"", ""D0061_LAMF8-9"", ""D0061_LAMF9-10"", ""D0061_LMMF10-11"", ""D0061_LMMF11-12"", ""D0061_LMMF12-13"", ""D0061_LMMF13-14"", ""D0061_LMMF6-7"", ""D0061_LMMF7-8"", ""D0061_LMMF8-9"", ""D0061_LMMF9-10"", ""D0061_LPIF10-11"", ""D0061_LPIF11-12"", ""D0064_LAI12-13"", ""D0067_LAC5-6"", ""D0067_LAC7-8"", ""D0067_LFG11-12"", ""D0067_LFG22-23"", ""D0067_LFG23-24"", ""D0067_LFG27-28"", ""D0067_LFG28-29"", ""D0067_LFG29-30"", ""D0067_LFG3-4"", ""D0067_LFG35-36"", ""D0067_LFG4-5"", ""D0068_LAI10-11"", ""D0068_LAI11-12"", ""D0068_LAI14-15"", ""D0068_LAI15-16"", ""D0068_LAI9-10"", ""D0068_LFPM6-7"", ""D0068_LFPM7-8"", ""D0070_LFAI7-8"", ""D0070_LFAI8-9"", ""D0070_LFAI9-10"", ""D0070_LIA7-8"", ""D0070_LIA8-9"", ""D0070_LIA9-10"", ""D0073_LFAI8-9"", ""D0073_LFAM10-11"", ""D0073_LFAM11-12"", ""D0073_LFAM9-10"", ""D0073_LFAP10-11"", ""D0073_LFAP11-12"", ""D0073_LFAP4-5"", ""D0073_LFAP5-6"", ""D0073_LFAP6-7"", ""D0073_LFAP7-8"", ""D0073_LFAP8-9"", ""D0073_LFAP9-10"", ""D0073_LFAS10-11"", ""D0073_LFAS11-12"", ""D0073_LFAS5-6"", ""D0073_LFAS6-7"", ""D0073_LFAS7-8"", ""D0073_LFAS8-9"", ""D0073_LFAS9-10"", ""D0073_LFMM12-13"", ""D0073_LFMS11-12"", ""D0073_LFMS4-5"", ""D0073_LFMS5-6"", ""D0073_LFMS6-7"", ""D0073_LFMS7-8"", ""D0073_LFPM2-3"", ""D0073_LFPM5-6"", ""D0073_LFPM6-7"", ""D0073_LFPM7-8"", ""D0073_LFPS7-8"", ""D0073_LFPS8-9"", ""D0073_LFPS9-10"", ""D0073_LPL3-4"", ""D0073_LPL4-5"", ""D0073_LPL5-6"", ""D0073_LPL6-7"", ""D0073_LPL7-8"", ""D0073_LPL8-9"", ""D0079_LAI13-14"", ""D0079_LAI14-15"", ""D0079_LAI15-16"", ""D0079_LAI17-18"", ""D0079_LFAM10-11"", ""D0079_LFAM11-12"", ""D0079_LFAM12-13"", ""D0079_LFAM13-14"", ""D0079_LFAM6-7"", ""D0079_LFAM7-8"", ""D0079_LFAM8-9"", ""D0079_LFAM9-10"", ""D0079_LFMM10-11"", ""D0084_LFAM5-6"", ""D0084_LFAM6-7"", ""D0084_LFAM7-8"", ""D0084_LFAM8-9"", ""D0084_LFAM9-10"", ""D0085_LAI7-8"", ""D0085_LAI8-9"", ""D0085_LAI9-10"", ""D0085_LFAM10-11"", ""D0085_LFAM11-12"", ""D0085_LFAM12-13"", ""D0085_LFAM13-14"", ""D0088_LAI11-12"", ""D0088_LAI12-13"", ""D0088_LAI13-14"", ""D0088_LFAM10-11"", ""D0088_LFAM11-12"", ""D0092_LIA6-7"", ""D0092_LIA9-10"", ""D0093_LFAM10-11"", ""D0093_LFAM11-12"", ""D0093_LFAM12-13"", ""D0093_LFAM13-14"", ""D0095_LFAI11-12"", ""D0095_LFAI2-8"", ""D0095_LFAI8-9"", ""D0095_LIA12-13"", ""D0096_LFAM10-11"", ""D0096_LFAM11-12"", ""D0096_LFAM6-7"", ""D0096_LFAM7-8"", ""D0096_LFMM9-10"", ""D0096_LFMS10-11"", ""D0096_LFMS11-12"", ""D0096_LFMS6-7"", ""D0096_LFMS7-8"", ""D0096_LFMS8-9"", ""D0096_LFMS9-10"", ""D0096_LFOS12-13"", ""D0096_LFOS13-14"", ""D0096_LFOS15-16"", ""D0096_LFOS16-17"", ""D0096_LFOS17-18"", ""D0096_LFPS12-13"", ""D0096_LFPS6-7"", ""D0096_LFPS7-8"", ""D0096_LIA11-12"", ""D0096_LIA12-13"", ""D0096_LIP14-15""]"
/cwork/ns458/BIDS-1.4_Phoneme_sequencing/BIDS/derivatives/decoding(bipolar)/sub-MFGl/articulator/sub-MFGl_task-PhonemeSequence_proc-Response_recording-1_desc-Repeat_highgamma.h5,PhonemeSequence,MFGl,Response,Repeat,104,210,320,52,"{""low_vowel"": 24, ""labial"": 28, ""dorsal"": 24, ""high_vowel"": 28}",24,128,-1.0,1.4921875,epoch(band)(zscore),,,0,"[""D0022_LAMF1-2"", ""D0022_LAMF2-3"", ""D0022_LAMF3-4"", ""D0022_LAMF4-5"", ""D0022_LAMF5-6"", ""D0022_LAMF6-7"", ""D0028_LAI6-7"", ""D0028_LAI7-8"", ""D0028_LAI8-9"", ""D0028_LAI9-10"", ""D0028_LAMF3-4"", ""D0028_LAMF4-5"", ""D0028_LAMF5-6"", ""D0028_LAMF6-7"", ""D0028_LAMF7-8"", ""D0028_LAMF8-9"", ""D0028_LAMF9-10"", ""D0028_LPMF9-10"", ""D0029_LMMF3-4"", ""D0029_LMMF4-5"", ""D0029_LMMF5-6"", ""D0029_LMMF6-7"", ""D0029_LMMF7-8"", ""D0029_LMMF8-9"", ""D0029_LMMF9-10"", ""D0035_LAI10-11"", ""D0035_LAI14-15"", ""D0035_LAI15-16"", ""D0035_LAI9-10"", ""D0035_LMIF10-11"", ""D0035_LMIF9-10"", ""D0041_LAIF13-14"", ""D0041_LAIF14-15"", ""D0041_LMMF10-11"", ""D0041_LMMF9-10"", ""D0049_LMIF10-11"", ""D0049_LMIF11-12"", ""D0049_LMIF9-10"", ""D0052_LAIF10-11"", ""D0052_LAIF11-12"", ""D0052_LAIF12-13"", ""D0052_LAIF13-14"", ""D0052_LI10-11"", ""D0052_LI11-12"", ""D0052_LI12-13"", ""D0052_LI13-14"", ""D0052_LI14-15"", ""D0052_LI15-16"", ""D0052_LI9-10"", ""D0053_LAIF10-11"", ""D0053_LAIF11-12"", ""D0053_LAIF12-13"", ""D0053_LAIF13-14"", ""D0053_LPI11-12"", ""D0053_LPI12-13"", ""D0053_LPI13-14"", ""D0058_LPI15-16"", ""D0059_LMMF10-11"", ""D0059_LMMF11-12"", ""D0059_LMMF7-8"", ""D0059_LMMF8-9"", ""D0059_LMMF9-10"", ""D0059_LPSF11-12"", ""D0059_LPSF12-13"", ""D0059_LPSF13-14"", ""D0059_LPSF14-15"", ""D0059_LPSF15-16"", ""D0061_LAI10-11"", ""D0061_LAI15-16"", ""D0061_LAI8-9"", ""D0061_LAI9-10"", ""D0061_LAMF10-11"", ""D0061_LAMF11-12"", ""D0061_LAMF8-9"", ""D0061_LAMF9-10"", ""D0061_LMMF10-11"", ""D0061_LMMF11-12"", ""D0061_LMMF12-13"", ""D0061_LMMF13-14"", ""D0061_LMMF6-7"", ""D0061_LMMF7-8"", ""D0061_LMMF8-9"", ""D0061_LMMF9-10"", ""D0061_LPIF10-11"", ""D0061_LPIF11-12"", ""D0064_LAI12-13"", ""D0067_LAC5-6"", ""D0067_LAC7-8"", ""D0067_LFG11-12"", ""D0067_LFG22-23"", ""D0067_LFG23-24"", ""D0067_LFG27-28"", ""D0067_LFG28-29"", ""D0067_LFG29-30"", ""D0067_LFG3-4"", ""D0067_LFG35-36"", ""D0067_LFG4-5"", ""D0068_LAI10-11"", ""D0068_LAI11-12"", ""D0068_LAI14-15"", ""D0068_LAI15-16"", ""D0068_LAI9-10"", ""D0068_LFPM6-7"", ""D0068_LFPM7-8"", ""D0070_LFAI7-8"", ""D0070_LFAI8-9"", ""D0070_LFAI9-10"", ""D0070_LIA7-8"", ""D0070_LIA8-9"", ""D0070_LIA9-10"", ""D0073_LFAI8-9"", ""D0073_LFAM10-11"", ""D0073_LFAM11-12"", ""D0073_LFAM9-10"", ""D0073_LFAP10-11"", ""D0073_LFAP11-12"", ""D0073_LFAP4-5"", ""D0073_LFAP5-6"", ""D0073_LFAP6-7"", ""D0073_LFAP7-8"", ""D0073_LFAP8-9"", ""D0073_LFAP9-10"", ""D0073_LFAS10-11"", ""D0073_LFAS11-12"", ""D0073_LFAS5-6"", ""D0073_LFAS6-7"", ""D0073_LFAS7-8"", ""D0073_LFAS8-9"", ""D0073_LFAS9-10"", ""D0073_LFMM12-13"", ""D0073_LFMS11-12"", ""D0073_LFMS4-5"", ""D0073_LFMS5-6"", ""D0073_LFMS6-7"", ""D0073_LFMS7-8"", ""D0073_LFPM2-3"", ""D0073_LFPM5-6"", ""D0073_LFPM6-7"", ""D0073_LFPM7-8"", ""D0073_LFPS7-8"", ""D0073_LFPS8-9"", ""D0073_LFPS9-10"", ""D0073_LPL3-4"", ""D0073_LPL4-5"", ""D0073_LPL5-6"", ""D0073_LPL6-7"", ""D0073_LPL7-8"", ""D0073_LPL8-9"", ""D0079_LAI13-14"", ""D0079_LAI14-15"", ""D0079_LAI15-16"", ""D0079_LAI17-18"", ""D0079_LFAM10-11"", ""D0079_LFAM11-12"", ""D0079_LFAM12-13"", ""D0079_LFAM13-14"", ""D0079_LFAM6-7"", ""D0079_LFAM7-8"", ""D0079_LFAM8-9"", ""D0079_LFAM9-10"", ""D0079_LFMM10-11"", ""D0084_LFAM5-6"", ""D0084_LFAM6-7"", ""D0084_LFAM7-8"", ""D0084_LFAM8-9"", ""D0084_LFAM9-10"", ""D0085_LAI7-8"", ""D0085_LAI8-9"", ""D0085_LAI9-10"", ""D0085_LFAM10-11"", ""D0085_LFAM11-12"", ""D0085_LFAM12-13"", ""D0085_LFAM13-14"", ""D0088_LAI11-12"", ""D0088_LAI12-13"", ""D0088_LAI13-14"", ""D0088_LFAM10-11"", ""D0088_LFAM11-12"", ""D0092_LIA6-7"", ""D0092_LIA9-10"", ""D0093_LFAM10-11"", ""D0093_LFAM11-12"", ""D0093_LFAM12-13"", ""D0093_LFAM13-14"", ""D0095_LFAI11-12"", ""D0095_LFAI2-8"", ""D0095_LFAI8-9"", ""D0095_LIA12-13"", ""D0096_LFAM10-11"", ""D0096_LFAM11-12"", ""D0096_LFAM6-7"", ""D0096_LFAM7-8"", ""D0096_LFMM9-10"", ""D0096_LFMS10-11"", ""D0096_LFMS11-12"", ""D0096_LFMS6-7"", ""D0096_LFMS7-8"", ""D0096_LFMS8-9"", ""D0096_LFMS9-10"", ""D0096_LFOS12-13"", ""D0096_LFOS13-14"", ""D0096_LFOS15-16"", ""D0096_LFOS16-17"", ""D0096_LFOS17-18"", ""D0096_LFPS12-13"", ""D0096_LFPS6-7"", ""D0096_LFPS7-8"", ""D0096_LIA11-12"", ""D0096_LIA12-13"", ""D0096_LIP14-15""]"
/cwork/ns458/BIDS-1.4_Phoneme_sequencing/BIDS/derivatives/decoding(bipolar)/sub-MFGl/articulator/sub-MFGl_task-PhonemeSequence_proc-Stimulus_recording-1_desc-Repeat_highgamma.h5,PhonemeSequence,MFGl,Stimulus,Repeat,104,210,320,52,"{""low_vowel"": 24, ""labial"": 28, ""dorsal"": 24, ""high_vowel"": 28}",24,128,-1.0,1.4921875,epoch(band)(zscore),,,0,"[""D0022_LAMF1-2"", ""D0022_LAMF2-3"", ""D0022_LAMF3-4"", ""D0022_LAMF4-5"", ""D0022_LAMF5-6"", ""D0022_LAMF6-7"", ""D0028_LAI6-7"", ""D0028_LAI7-8"", ""D0028_LAI8-9"", ""D0028_LAI9-10"", ""D0028_LAMF3-4"", ""D0028_LAMF4-5"", ""D0028_LAMF5-6"", ""D0028_LAMF6-7"", ""D0028_LAMF7-8"", ""D0028_LAMF8-9"", ""D0028_LAMF9-10"", ""D0028_LPMF9-10"", ""D0029_LMMF3-4"", ""D0029_LMMF4-5"", ""D0029_LMMF5-6"", ""D0029_LMMF6-7"", ""D0029_LMMF7-8"", ""D0029_LMMF8-9"", ""D0029_LMMF9-10"", ""D0035_LAI10-11"", ""D0035_LAI14-15"", ""D0035_LAI15-16"", ""D0035_LAI9-10"", ""D0035_LMIF10-11"", ""D0035_LMIF9-10"", ""D0041_LAIF13-14"", ""D0041_LAIF14-15"", ""D0041_LMMF10-11"", ""D0041_LMMF9-10"", ""D0049_LMIF10-11"", ""D0049_LMIF11-12"", ""D0049_LMIF9-10"", ""D0052_LAIF10-11"", ""D0052_LAIF11-12"", ""D0052_LAIF12-13"", ""D0052_LAIF13-14"", ""D0052_LI10-11"", ""D0052_LI11-12"", ""D0052_LI12-13"", ""D0052_LI13-14"", ""D0052_LI14-15"", ""D0052_LI15-16"", ""D0052_LI9-10"", ""D0053_LAIF10-11"", ""D0053_LAIF11-12"", ""D0053_LAIF12-13"", ""D0053_LAIF13-14"", ""D0053_LPI11-12"", ""D0053_LPI12-13"", ""D0053_LPI13-14"", ""D0058_LPI15-16"", ""D0059_LMMF10-11"", ""D0059_LMMF11-12"", ""D0059_LMMF7-8"", ""D0059_LMMF8-9"", ""D0059_LMMF9-10"", ""D0059_LPSF11-12"", ""D0059_LPSF12-13"", ""D0059_LPSF13-14"", ""D0059_LPSF14-15"", ""D0059_LPSF15-16"", ""D0061_LAI10-11"", ""D0061_LAI15-16"", ""D0061_LAI8-9"", ""D0061_LAI9-10"", ""D0061_LAMF10-11"", ""D0061_LAMF11-12"", ""D0061_LAMF8-9"", ""D0061_LAMF9-10"", ""D0061_LMMF10-11"", ""D0061_LMMF11-12"", ""D0061_LMMF12-13"", ""D0061_LMMF13-14"", ""D0061_LMMF6-7"", ""D0061_LMMF7-8"", ""D0061_LMMF8-9"", ""D0061_LMMF9-10"", ""D0061_LPIF10-11"", ""D0061_LPIF11-12"", ""D0064_LAI12-13"", ""D0067_LAC5-6"", ""D0067_LAC7-8"", ""D0067_LFG11-12"", ""D0067_LFG22-23"", ""D0067_LFG23-24"", ""D0067_LFG27-28"", ""D0067_LFG28-29"", ""D0067_LFG29-30"", ""D0067_LFG3-4"", ""D0067_LFG35-36"", ""D0067_LFG4-5"", ""D0068_LAI10-11"", ""D0068_LAI11-12"", ""D0068_LAI14-15"", ""D0068_LAI15-16"", ""D0068_LAI9-10"", ""D0068_LFPM6-7"", ""D0068_LFPM7-8"", ""D0070_LFAI7-8"", ""D0070_LFAI8-9"", ""D0070_LFAI9-10"", ""D0070_LIA7-8"", ""D0070_LIA8-9"", ""D0070_LIA9-10"", ""D0073_LFAI8-9"", ""D0073_LFAM10-11"", ""D0073_LFAM11-12"", ""D0073_LFAM9-10"", ""D0073_LFAP10-11"", ""D0073_LFAP11-12"", ""D0073_LFAP4-5"", ""D0073_LFAP5-6"", ""D0073_LFAP6-7"", ""D0073_LFAP7-8"", ""D0073_LFAP8-9"", ""D0073_LFAP9-10"", ""D0073_LFAS10-11"", ""D0073_LFAS11-12"", ""D0073_LFAS5-6"", ""D0073_LFAS6-7"", ""D0073_LFAS7-8"", ""D0073_LFAS8-9"", ""D0073_LFAS9-10"", ""D0073_LFMM12-13"", ""D0073_LFMS11-12"", ""D0073_LFMS4-5"", ""D0073_LFMS5-6"", ""D0073_LFMS6-7"", ""D0073_LFMS7-8"", ""D0073_LFPM2-3"", ""D0073_LFPM5-6"", ""D0073_LFPM6-7"", ""D0073_LFPM7-8"", ""D0073_LFPS7-8"", ""D0073_LFPS8-9"", ""D0073_LFPS9-10"", ""D0073_LPL3-4"", ""D0073_LPL4-5"", ""D0073_LPL5-6"", ""D0073_LPL6-7"", ""D0073_LPL7-8"", ""D0073_LPL8-9"", ""D0079_LAI13-14"", ""D0079_LAI14-15"", ""D0079_LAI15-16"", ""D0079_LAI17-18"", ""D0079_LFAM10-11"", ""D0079_LFAM11-12"", ""D0079_LFAM12-13"", ""D0079_LFAM13-14"", ""D0079_LFAM6-7"", ""D0079_LFAM7-8"", ""D0079_LFAM8-9"", ""D0079_LFAM9-10"", ""D0079_LFMM10-11"", ""D0084_LFAM5-6"", ""D0084_LFAM6-7"", ""D0084_LFAM7-8"", ""D0084_LFAM8-9"", ""D0084_LFAM9-10"", ""D0085_LAI7-8"", ""D0085_LAI8-9"", ""D0085_LAI9-10"", ""D0085_LFAM10-11"", ""D0085_LFAM11-12"", ""D0085_LFAM12-13"", ""D0085_LFAM13-14"", ""D0088_LAI11-12"", ""D0088_LAI12-13"", ""D0088_LAI13-14"", ""D0088_LFAM10-11"", ""D0088_LFAM11-12"", ""D0092_LIA6-7"", ""D0092_LIA9-10"", ""D0093_LFAM10-11"", ""D0093_LFAM11-12"", ""D0093_LFAM12-13"", ""D0093_LFAM13-14"", ""D0095_LFAI11-12"", ""D0095_LFAI2-8"", ""D0095_LFAI8-9"", ""D0095_LIA12-13"", ""D0096_LFAM10-11"", ""D0096_LFAM11-12"", ""D0096_LFAM6-7"", ""D0096_LFAM7-8"", ""D0096_LFMM9-10"", ""D0096_LFMS10-11"", ""D0096_LFMS11-12"", ""D0096_LFMS6-7"", ""D0096_LFMS7-8"", ""D0096_LFMS8-9"", ""D0096_LFMS9-10"", ""D0096_LFOS12-13"", ""D0096_LFOS13-14"", ""D0096_LFOS15-16"", ""D0096_LFOS16-17"", ""D0096_LFOS17-18"", ""D0096_LFPS12-13"", ""D0096_LFPS6-7"", ""D0096_LFPS7-8"", ""D0096_LIA11-12"", ""D0096_LIA12-13"", ""D0096_LIP14-15""]"
/cwork/ns458/BIDS-1.0_LexicalDecRepDelay/BIDS/derivatives/decoding(bipolar)/sub-Sensory/lexicality/sub-Sensory_task-LexicalDelay_proc-Delay_desc-Decision_highgamma.h5,LexicalDelay,Sensory,Delay,Decision,168,14,320,84,"{""Nonword"": 84, ""Word"": 84}",10,128,-1.0,1.4921875,epoch(band)(zscore),functional_assignment_intersection_same_phase_decision_repeat_sig_union,0b28f2105a7b08d0c91cfdb94686e6c6f266c9e7e5acc1e32971936695b00b97,0,"[""D0081_LTAS3-4"", ""D0086_RTPS4-9"", ""D0096_LTAS2-3"", ""D0103_LAI1-2"", ""D0107_RTAS1-2"", ""D0128_RTMS2-3"", ""D0129_LFAI2-3"", ""D0132_LTAS2-3"", ""D0132_LTAS3-4"", ""D0132_LTMS3-4"", ""D0137_LPI1-2"", ""D0137_LPI2-3"", ""D0139_LTAS1-2"", ""D0139_LTAS3-4""]"
/cwork/ns458/BIDS-1.0_LexicalDecRepDelay/BIDS/derivatives/decoding(bipolar)/sub-Sensory/lexicality/sub-Sensory_task-LexicalDelay_proc-Delay_desc-Repeat_highgamma.h5,LexicalDelay,Sensory,Delay,Repeat,168,14,320,84,"{""Nonword"": 84, ""Word"": 84}",10,128,-1.0,1.4921875,epoch(band)(zscore),functional_assignment_intersection_same_phase_decision_repeat_sig_union,0b28f2105a7b08d0c91cfdb94686e6c6f266c9e7e5acc1e32971936695b00b97,0,"[""D0081_LTAS3-4"", ""D0086_RTPS4-9"", ""D0096_LTAS2-3"", ""D0103_LAI1-2"", ""D0107_RTAS1-2"", ""D0128_RTMS2-3"", ""D0129_LFAI2-3"", ""D0132_LTAS2-3"", ""D0132_LTAS3-4"", ""D0132_LTMS3-4"", ""D0137_LPI1-2"", ""D0137_LPI2-3"", ""D0139_LTAS1-2"", ""D0139_LTAS3-4""]"
/cwork/ns458/BIDS-1.0_LexicalDecRepDelay/BIDS/derivatives/decoding(bipolar)/sub-Sensory/lexicality/sub-Sensory_task-LexicalDelay_proc-Go_desc-Decision_highgamma.h5,LexicalDelay,Sensory,Go,Decision,168,6,320,84,"{""Nonword"": 84, ""Word"": 84}",6,128,-1.0,1.4921875,epoch(band)(zscore),functional_assignment_intersection_same_phase_decision_repeat_sig_union,0b28f2105a7b08d0c91cfdb94686e6c6f266c9e7e5acc1e32971936695b00b97,0,"[""D0080_LPI1-2"", ""D0081_LTAS3-4"", ""D0086_RTPS4-9"", ""D0107_RTAS1-2"", ""D0128_RTMS2-3"", ""D0129_LFAI2-3""]"
/cwork/ns458/BIDS-1.0_LexicalDecRepDelay/BIDS/derivatives/decoding(bipolar)/sub-Sensory/lexicality/sub-Sensory_task-LexicalDelay_proc-Go_desc-Repeat_highgamma.h5,LexicalDelay,Sensory,Go,Repeat,168,6,320,84,"{""Nonword"": 84, ""Word"": 84}",6,128,-1.0,1.4921875,epoch(band)(zscore),functional_assignment_intersection_same_phase_decision_repeat_sig_union,0b28f2105a7b08d0c91cfdb94686e6c6f266c9e7e5acc1e32971936695b00b97,0,"[""D0080_LPI1-2"", ""D0081_LTAS3-4"", ""D0086_RTPS4-9"", ""D0107_RTAS1-2"", ""D0128_RTMS2-3"", ""D0129_LFAI2-3""]"
/cwork/ns458/BIDS-1.0_LexicalDecRepDelay/BIDS/derivatives/decoding(bipolar)/sub-Sensory/lexicality/sub-Sensory_task-LexicalDelay_proc-Response_desc-Decision_highgamma.h5,LexicalDelay,Sensory,Response,Decision,166,10,320,84,"{""Nonword"": 84, ""Word"": 82}",8,128,-1.0,1.4921875,epoch(band)(zscore),functional_assignment_intersection_same_phase_decision_repeat_sig_union,0b28f2105a7b08d0c91cfdb94686e6c6f266c9e7e5acc1e32971936695b00b97,0,"[""D0081_LTAS3-4"", ""D0086_RTPS4-9"", ""D0096_LTAS2-3"", ""D0107_RTAS1-2"", ""D0129_LFAI2-3"", ""D0132_LTAS2-3"", ""D0132_LTAS3-4"", ""D0132_LTMS3-4"", ""D0137_LPI1-2"", ""D0139_LTAS3-4""]"
/cwork/ns458/BIDS-1.0_LexicalDecRepDelay/BIDS/derivatives/decoding(bipolar)/sub-Sensory/lexicality/sub-Sensory_task-LexicalDelay_proc-Response_desc-Repeat_highgamma.h5,LexicalDelay,Sensory,Response,Repeat,167,10,320,84,"{""Nonword"": 84, ""Word"": 83}",8,128,-1.0,1.4921875,epoch(band)(zscore),functional_assignment_intersection_same_phase_decision_repeat_sig_union,0b28f2105a7b08d0c91cfdb94686e6c6f266c9e7e5acc1e32971936695b00b97,0,"[""D0081_LTAS3-4"", ""D0086_RTPS4-9"", ""D0096_LTAS2-3"", ""D0107_RTAS1-2"", ""D0129_LFAI2-3"", ""D0132_LTAS2-3"", ""D0132_LTAS3-4"", ""D0132_LTMS3-4"", ""D0137_LPI1-2"", ""D0139_LTAS3-4""]"
/cwork/ns458/BIDS-1.0_LexicalDecRepDelay/BIDS/derivatives/decoding(bipolar)/sub-Sensory/lexicality/sub-Sensory_task-LexicalDelay_proc-Stimulus_desc-Decision_highgamma.h5,LexicalDelay,Sensory,Stimulus,Decision,168,16,320,84,"{""Nonword"": 84, ""Word"": 84}",12,128,-1.0,1.4921875,epoch(band)(zscore),functional_assignment_intersection_same_phase_decision_repeat_sig_union,0b28f2105a7b08d0c91cfdb94686e6c6f266c9e7e5acc1e32971936695b00b97,0,"[""D0071_RIP2-3"", ""D0081_LTAS3-4"", ""D0086_RTPS4-9"", ""D0090_RIP1-2"", ""D0090_RIP2-3"", ""D0096_LTAS2-3"", ""D0103_LTMS1-2"", ""D0107_RTAS1-2"", ""D0128_RTMS2-3"", ""D0129_LFAI2-3"", ""D0132_LTAS2-3"", ""D0132_LTAS3-4"", ""D0132_LTMS3-4"", ""D0137_LPI1-2"", ""D0137_LPI2-3"", ""D0139_LTAS3-4""]"
/cwork/ns458/BIDS-1.0_LexicalDecRepDelay/BIDS/derivatives/decoding(bipolar)/sub-Sensory/lexicality/sub-Sensory_task-LexicalDelay_proc-Stimulus_desc-Repeat_highgamma.h5,LexicalDelay,Sensory,Stimulus,Repeat,167,16,320,84,"{""Nonword"": 84, ""Word"": 83}",12,128,-1.0,1.4921875,epoch(band)(zscore),functional_assignment_intersection_same_phase_decision_repeat_sig_union,0b28f2105a7b08d0c91cfdb94686e6c6f266c9e7e5acc1e32971936695b00b97,0,"[""D0071_RIP2-3"", ""D0081_LTAS3-4"", ""D0086_RTPS4-9"", ""D0090_RIP1-2"", ""D0090_RIP2-3"", ""D0096_LTAS2-3"", ""D0103_LTMS1-2"", ""D0107_RTAS1-2"", ""D0128_RTMS2-3"", ""D0129_LFAI2-3"", ""D0132_LTAS2-3"", ""D0132_LTAS3-4"", ""D0132_LTMS3-4"", ""D0137_LPI1-2"", ""D0137_LPI2-3"", ""D0139_LTAS3-4""]"
/cwork/ns458/BIDS-1.0_LexicalDecRepDelay/BIDS/derivatives/decoding(bipolar)/sub-Sustain/lexicality/sub-Sustain_task-LexicalDelay_proc-Delay_desc-Decision_highgamma.h5,LexicalDelay,Sustain,Delay,Decision,167,30,320,84,"{""Nonword"": 83, ""Word"": 84}",13,128,-1.0,1.4921875,epoch(band)(zscore),functional_assignment_intersection_same_phase_decision_repeat_sig_union,0b28f2105a7b08d0c91cfdb94686e6c6f266c9e7e5acc1e32971936695b00b97,0,"[""D0044_LI5-6"", ""D0044_LI6-7"", ""D0053_RPI1-2"", ""D0053_RPI2-3"", ""D0053_RPI4-5"", ""D0055_RAI5-6"", ""D0055_RAI6-7"", ""D0071_RIP5-6"", ""D0079_LAI2-3"", ""D0080_LAI4-5"", ""D0084_RAI1-2"", ""D0086_RPI2-3"", ""D0086_RPI3-4"", ""D0086_RTMM6-7"", ""D0103_LAI3-4"", ""D0103_LAI4-5"", ""D0103_LAI5-6"", ""D0128_RTMS1-2"", ""D0129_LAI1-2"", ""D0129_LFAI1-2"", ""D0137_LAI1-2"", ""D0137_LAI2-3"", ""D0137_LAI3-4"", ""D0137_LAI4-5"", ""D0137_LAI5-6"", ""D0137_LAI6-7"", ""D0137_LTMS1-2"", ""D0137_LTMS2-3"", ""D0138_LAI3-4"", ""D0138_LAI4-5""]"
/cwork/ns458/BIDS-1.0_LexicalDecRepDelay/BIDS/derivatives/decoding(bipolar)/sub-Sustain/lexicality/sub-Sustain_task-LexicalDelay_proc-Delay_desc-Repeat_highgamma.h5,LexicalDelay,Sustain,Delay,Repeat,167,30,320,84,"{""Nonword"": 84, ""Word"": 83}",13,128,-1.0,1.4921875,epoch(band)(zscore),functional_assignment_intersection_same_phase_decision_repeat_sig_union,0b28f2105a7b08d0c91cfdb94686e6c6f266c9e7e5acc1e32971936695b00b97,0,"[""D0044_LI5-6"", ""D0044_LI6-7"", ""D0053_RPI1-2"", ""D0053_RPI2-3"", ""D0053_RPI4-5"", ""D0055_RAI5-6"", ""D0055_RAI6-7"", ""D0071_RIP5-6"", ""D0079_LAI2-3"", ""D0080_LAI4-5"", ""D0084_RAI1-2"", ""D0086_RPI2-3"", ""D0086_RPI3-4"", ""D0086_RTMM6-7"", ""D0103_LAI3-4"", ""D0103_LAI4-5"", ""D0103_LAI5-6"", ""D0128_RTMS1-2"", ""D0129_LAI1-2"", ""D0129_LFAI1-2"", ""D0137_LAI1-2"", ""D0137_LAI2-3"", ""D0137_LAI3-4"", ""D0137_LAI4-5"", ""D0137_LAI5-6"", ""D0137_LAI6-7"", ""D0137_LTMS1-2"", ""D0137_LTMS2-3"", ""D0138_LAI3-4"", ""D0138_LAI4-5""]"
/cwork/ns458/BIDS-1.0_LexicalDecRepDelay/BIDS/derivatives/decoding(bipolar)/sub-Sustain/lexicality/sub-Sustain_task-LexicalDelay_proc-Go_desc-Decision_highgamma.h5,LexicalDelay,Sustain,Go,Decision,168,21,320,84,"{""Nonword"": 84, ""Word"": 84}",12,128,-1.0,1.4921875,epoch(band)(zscore),functional_assignment_intersection_same_phase_decision_repeat_sig_union,0b28f2105a7b08d0c91cfdb94686e6c6f266c9e7e5acc1e32971936695b00b97,0,"[""D0044_LI5-6"", ""D0044_LI6-7"", ""D0053_RPI1-2"", ""D0053_RPI2-3"", ""D0053_RPI4-5"", ""D0055_RAI5-6"", ""D0055_RAI6-7"", ""D0071_RIP5-6"", ""D0080_LAI4-5"", ""D0086_RPI3-4"", ""D0086_RTMM6-7"", ""D0092_LIA4-5"", ""D0094_LIA1-2"", ""D0094_LIA2-3"", ""D0094_LIA3-4"", ""D0103_LAI3-4"", ""D0103_LAI4-5"", ""D0129_LFAI1-2"", ""D0137_LAI5-6"", ""D0137_LAI6-7"", ""D0138_LAI3-4""]"
/cwork/ns458/BIDS-1.0_LexicalDecRepDelay/BIDS/derivatives/decoding(bipolar)/sub-Sustain/lexicality/sub-Sustain_task-LexicalDelay_proc-Go_desc-Repeat_highgamma.h5,LexicalDelay,Sustain,Go,Repeat,168,21,320,84,"{""Nonword"": 84, ""Word"": 84}",12,128,-1.0,1.4921875,epoch(band)(zscore),functional_assignment_intersection_same_phase_decision_repeat_sig_union,0b28f2105a7b08d0c91cfdb94686e6c6f266c9e7e5acc1e32971936695b00b97,0,"[""D0044_LI5-6"", ""D0044_LI6-7"", ""D0053_RPI1-2"", ""D0053_RPI2-3"", ""D0053_RPI4-5"", ""D0055_RAI5-6"", ""D0055_RAI6-7"", ""D0071_RIP5-6"", ""D0080_LAI4-5"", ""D0086_RPI3-4"", ""D0086_RTMM6-7"", ""D0092_LIA4-5"", ""D0094_LIA1-2"", ""D0094_LIA2-3"", ""D0094_LIA3-4"", ""D0103_LAI3-4"", ""D0103_LAI4-5"", ""D0129_LFAI1-2"", ""D0137_LAI5-6"", ""D0137_LAI6-7"", ""D0138_LAI3-4""]"
/cwork/ns458/BIDS-1.0_LexicalDecRepDelay/BIDS/derivatives/decoding(bipolar)/sub-Sustain/lexicality/sub-Sustain_task-LexicalDelay_proc-Response_desc-Decision_highgamma.h5,LexicalDelay,Sustain,Response,Decision,168,28,320,84,"{""Nonword"": 84, ""Word"": 84}",15,128,-1.0,1.4921875,epoch(band)(zscore),functional_assignment_intersection_same_phase_decision_repeat_sig_union,0b28f2105a7b08d0c91cfdb94686e6c6f266c9e7e5acc1e32971936695b00b97,0,"[""D0044_LI5-6"", ""D0044_LI6-7"", ""D0053_RPI4-5"", ""D0055_RAI5-6"", ""D0055_RAI6-7"", ""D0071_RIP5-6"", ""D0079_LAI2-3"", ""D0080_LAI4-5"", ""D0084_RAI1-2"", ""D0086_RPI2-3"", ""D0086_RPI3-4"", ""D0086_RTMM6-7"", ""D0092_LIA3-4"", ""D0092_LIA4-5"", ""D0094_LIA1-2"", ""D0094_LIA2-3"", ""D0094_LIA3-4"", ""D0103_LAI3-4"", ""D0103_LAI4-5"", ""D0107_RFAI1-2"", ""D0129_LFAI1-2"", ""D0137_LAI1-2"", ""D0137_LAI5-6"", ""D0137_LAI6-7"", ""D0137_LTMS1-2"", ""D0137_LTMS2-3"", ""D0138_LAI3-4"", ""D0138_LAI4-5""]"
/cwork/ns458/BIDS-1.0_LexicalDecRepDelay/BIDS/derivatives/decoding(bipolar)/sub-Sustain/lexicality/sub-Sustain_task-LexicalDelay_proc-Response_desc-Repeat_highgamma.h5,LexicalDelay,Sustain,Response,Repeat,168,28,320,84,"{""Nonword"": 84, ""Word"": 84}",15,128,-1.0,1.4921875,epoch(band)(zscore),functional_assignment_intersection_same_phase_decision_repeat_sig_union,0b28f2105a7b08d0c91cfdb94686e6c6f266c9e7e5acc1e32971936695b00b97,0,"[""D0044_LI5-6"", ""D0044_LI6-7"", ""D0053_RPI4-5"", ""D0055_RAI5-6"", ""D0055_RAI6-7"", ""D0071_RIP5-6"", ""D0079_LAI2-3"", ""D0080_LAI4-5"", ""D0084_RAI1-2"", ""D0086_RPI2-3"", ""D0086_RPI3-4"", ""D0086_RTMM6-7"", ""D0092_LIA3-4"", ""D0092_LIA4-5"", ""D0094_LIA1-2"", ""D0094_LIA2-3"", ""D0094_LIA3-4"", ""D0103_LAI3-4"", ""D0103_LAI4-5"", ""D0107_RFAI1-2"", ""D0129_LFAI1-2"", ""D0137_LAI1-2"", ""D0137_LAI5-6"", ""D0137_LAI6-7"", ""D0137_LTMS1-2"", ""D0137_LTMS2-3"", ""D0138_LAI3-4"", ""D0138_LAI4-5""]"
/cwork/ns458/BIDS-1.0_LexicalDecRepDelay/BIDS/derivatives/decoding(bipolar)/sub-Sustain/lexicality/sub-Sustain_task-LexicalDelay_proc-Stimulus_desc-Decision_highgamma.h5,LexicalDelay,Sustain,Stimulus,Decision,168,30,320,84,"{""Nonword"": 84, ""Word"": 84}",15,128,-1.0,1.4921875,epoch(band)(zscore),functional_assignment_intersection_same_phase_decision_repeat_sig_union,0b28f2105a7b08d0c91cfdb94686e6c6f266c9e7e5acc1e32971936695b00b97,0,"[""D0044_LI5-6"", ""D0044_LI6-7"", ""D0053_RPI1-2"", ""D0053_RPI2-3"", ""D0053_RPI4-5"", ""D0055_RAI5-6"", ""D0055_RAI6-7"", ""D0079_LAI1-2"", ""D0079_LAI2-3"", ""D0080_LAI4-5"", ""D0086_LTMM5-6"", ""D0086_RPI2-3"", ""D0086_RPI3-4"", ""D0086_RTMM6-7"", ""D0092_LIA4-5"", ""D0094_LIA2-3"", ""D0094_LIA3-4"", ""D0103_LAI3-4"", ""D0103_LAI4-5"", ""D0103_LAI5-6"", ""D0107_RFAI1-2"", ""D0128_RTMS1-2"", ""D0129_LFAI1-2"", ""D0137_LAI5-6"", ""D0137_LAI6-7"", ""D0137_LTMS1-2"", ""D0137_LTMS2-3"", ""D0138_LAI3-4"", ""D0138_LAI4-5"", ""D0140_LFAI1-2""]"
/cwork/ns458/BIDS-1.0_LexicalDecRepDelay/BIDS/derivatives/decoding(bipolar)/sub-Sustain/lexicality/sub-Sustain_task-LexicalDelay_proc-Stimulus_desc-Repeat_highgamma.h5,LexicalDelay,Sustain,Stimulus,Repeat,168,30,320,84,"{""Nonword"": 84, ""Word"": 84}",15,128,-1.0,1.4921875,epoch(band)(zscore),functional_assignment_intersection_same_phase_decision_repeat_sig_union,0b28f2105a7b08d0c91cfdb94686e6c6f266c9e7e5acc1e32971936695b00b97,0,"[""D0044_LI5-6"", ""D0044_LI6-7"", ""D0053_RPI1-2"", ""D0053_RPI2-3"", ""D0053_RPI4-5"", ""D0055_RAI5-6"", ""D0055_RAI6-7"", ""D0079_LAI1-2"", ""D0079_LAI2-3"", ""D0080_LAI4-5"", ""D0086_LTMM5-6"", ""D0086_RPI2-3"", ""D0086_RPI3-4"", ""D0086_RTMM6-7"", ""D0092_LIA4-5"", ""D0094_LIA2-3"", ""D0094_LIA3-4"", ""D0103_LAI3-4"", ""D0103_LAI4-5"", ""D0103_LAI5-6"", ""D0107_RFAI1-2"", ""D0128_RTMS1-2"", ""D0129_LFAI1-2"", ""D0137_LAI5-6"", ""D0137_LAI6-7"", ""D0137_LTMS1-2"", ""D0137_LTMS2-3"", ""D0138_LAI3-4"", ""D0138_LAI4-5"", ""D0140_LFAI1-2""]"
/cwork/ns458/BIDS-1.0_LexicalDecRepDelay/BIDS/derivatives/decoding(bipolar)/sub-Motor/lexicality/sub-Motor_task-LexicalDelay_proc-Delay_desc-Decision_highgamma.h5,LexicalDelay,Motor,Delay,Decision,168,20,320,84,"{""Nonword"": 84, ""Word"": 84}",12,128,-1.0,1.4921875,epoch(band)(zscore),functional_assignment_intersection_same_phase_decision_repeat_sig_union,0b28f2105a7b08d0c91cfdb94686e6c6f266c9e7e5acc1e32971936695b00b97,5,"[""D0038_LI4-5"", ""D0044_LI8-9"", ""D0047_LI3-4"", ""D0047_LI4-5"", ""D0047_RI5-6"", ""D0053_LPI2-3"", ""D0055_RPI6-7"", ""D0057_RAI3-4"", ""D0057_RAI4-5"", ""D0057_RAI5-6"", ""D0071_RIP6-7"", ""D0080_LAI3-4"", ""D0090_RIA4-5"", ""D0090_RIP5-6"", ""D0090_RIP6-7"", ""D0102_RFAI1-2"", ""D0102_RFPI1-2"", ""D0103_LPI6-7"", ""D0139_LFAI1-2"", ""D0139_LIA1-2""]"
/cwork/ns458/BIDS-1.0_LexicalDecRepDelay/BIDS/derivatives/decoding(bipolar)/sub-Motor/lexicality/sub-Motor_task-LexicalDelay_proc-Delay_desc-Repeat_highgamma.h5,LexicalDelay,Motor,Delay,Repeat,168,20,320,84,"{""Nonword"": 84, ""Word"": 84}",12,128,-1.0,1.4921875,epoch(band)(zscore),functional_assignment_intersection_same_phase_decision_repeat_sig_union,0b28f2105a7b08d0c91cfdb94686e6c6f266c9e7e5acc1e32971936695b00b97,5,"[""D0038_LI4-5"", ""D0044_LI8-9"", ""D0047_LI3-4"", ""D0047_LI4-5"", ""D0047_RI5-6"", ""D0053_LPI2-3"", ""D0055_RPI6-7"", ""D0057_RAI3-4"", ""D0057_RAI4-5"", ""D0057_RAI5-6"", ""D0071_RIP6-7"", ""D0080_LAI3-4"", ""D0090_RIA4-5"", ""D0090_RIP5-6"", ""D0090_RIP6-7"", ""D0102_RFAI1-2"", ""D0102_RFPI1-2"", ""D0103_LPI6-7"", ""D0139_LFAI1-2"", ""D0139_LIA1-2""]"
/cwork/ns458/BIDS-1.0_LexicalDecRepDelay/BIDS/derivatives/decoding(bipolar)/sub-Motor/lexicality/sub-Motor_task-LexicalDelay_proc-Go_desc-Decision_highgamma.h5,LexicalDelay,Motor,Go,Decision,168,34,320,84,"{""Nonword"": 84, ""Word"": 84}",15,128,-1.0,1.4921875,epoch(band)(zscore),functional_assignment_intersection_same_phase_decision_repeat_sig_union,0b28f2105a7b08d0c91cfdb94686e6c6f266c9e7e5acc1e32971936695b00b97,4,"[""D0032_LAI3-4"", ""D0032_LPI6-7"", ""D0035_LAI2-3"", ""D0035_LPI3-4"", ""D0035_LPI4-5"", ""D0038_LI4-5"", ""D0038_RI1-2"", ""D0038_RI2-3"", ""D0044_LI8-9"", ""D0044_RI4-5"", ""D0047_LI3-4"", ""D0047_LI4-5"", ""D0047_RI5-6"", ""D0047_RI6-7"", ""D0055_RPI6-7"", ""D0057_RAI3-4"", ""D0057_RAI5-6"", ""D0057_RPI2-3"", ""D0057_RPI5-6"", ""D0063_RAI4-5"", ""D0068_LAI3-4"", ""D0071_RIA2-3"", ""D0071_RIP4-5"", ""D0071_RIP6-7"", ""D0090_RIA4-5"", ""D0090_RIP5-6"", ""D0090_RIP6-7"", ""D0102_RFAI1-2"", ""D0102_RFPI1-2"", ""D0107_RIA4-5"", ""D0137_LPAI2-3"", ""D0139_LFAI1-2"", ""D0139_LIA1-2"", ""D0139_LIA4-5""]"
/cwork/ns458/BIDS-1.0_LexicalDecRepDelay/BIDS/derivatives/decoding(bipolar)/sub-Motor/lexicality/sub-Motor_task-LexicalDelay_proc-Go_desc-Repeat_highgamma.h5,LexicalDelay,Motor,Go,Repeat,168,34,320,84,"{""Nonword"": 84, ""Word"": 84}",15,128,-1.0,1.4921875,epoch(band)(zscore),functional_assignment_intersection_same_phase_decision_repeat_sig_union,0b28f2105a7b08d0c91cfdb94686e6c6f266c9e7e5acc1e32971936695b00b97,4,"[""D0032_LAI3-4"", ""D0032_LPI6-7"", ""D0035_LAI2-3"", ""D0035_LPI3-4"", ""D0035_LPI4-5"", ""D0038_LI4-5"", ""D0038_RI1-2"", ""D0038_RI2-3"", ""D0044_LI8-9"", ""D0044_RI4-5"", ""D0047_LI3-4"", ""D0047_LI4-5"", ""D0047_RI5-6"", ""D0047_RI6-7"", ""D0055_RPI6-7"", ""D0057_RAI3-4"", ""D0057_RAI5-6"", ""D0057_RPI2-3"", ""D0057_RPI5-6"", ""D0063_RAI4-5"", ""D0068_LAI3-4"", ""D0071_RIA2-3"", ""D0071_RIP4-5"", ""D0071_RIP6-7"", ""D0090_RIA4-5"", ""D0090_RIP5-6"", ""D0090_RIP6-7"", ""D0102_RFAI1-2"", ""D0102_RFPI1-2"", ""D0107_RIA4-5"", ""D0137_LPAI2-3"", ""D0139_LFAI1-2"", ""D0139_LIA1-2"", ""D0139_LIA4-5""]"
/cwork/ns458/BIDS-1.0_LexicalDecRepDelay/BIDS/derivatives/decoding(bipolar)/sub-Motor/lexicality/sub-Motor_task-LexicalDelay_proc-Response_desc-Decision_highgamma.h5,LexicalDelay,Motor,Response,Decision,168,26,320,84,"{""Nonword"": 84, ""Word"": 84}",12,128,-1.0,1.4921875,epoch(band)(zscore),functional_assignment_intersection_same_phase_decision_repeat_sig_union,0b28f2105a7b08d0c91cfdb94686e6c6f266c9e7e5acc1e32971936695b00b97,0,"[""D0038_RI2-3"", ""D0044_LI8-9"", ""D0044_RI1-2"", ""D0044_RI4-5"", ""D0047_LI2-3"", ""D0047_LI3-4"", ""D0047_LI4-5"", ""D0047_RI5-6"", ""D0047_RI6-7"", ""D0055_RPI3-4"", ""D0055_RPI6-7"", ""D0055_RPI8-9"", ""D0063_RAI4-5"", ""D0071_RIA2-3"", ""D0071_RIP4-5"", ""D0071_RIP6-7"", ""D0080_LAI3-4"", ""D0103_LPI3-4"", ""D0103_LPI6-7"", ""D0128_RFAI1-2"", ""D0129_LAI4-5"", ""D0129_LTMS2-3"", ""D0137_LPAI1-2"", ""D0137_LPAI2-3"", ""D0139_LFAI1-2"", ""D0139_LIA4-5""]"
/cwork/ns458/BIDS-1.0_LexicalDecRepDelay/BIDS/derivatives/decoding(bipolar)/sub-Motor/lexicality/sub-Motor_task-LexicalDelay_proc-Response_desc-Repeat_highgamma.h5,LexicalDelay,Motor,Response,Repeat,168,26,320,84,"{""Nonword"": 84, ""Word"": 84}",12,128,-1.0,1.4921875,epoch(band)(zscore),functional_assignment_intersection_same_phase_decision_repeat_sig_union,0b28f2105a7b08d0c91cfdb94686e6c6f266c9e7e5acc1e32971936695b00b97,0,"[""D0038_RI2-3"", ""D0044_LI8-9"", ""D0044_RI1-2"", ""D0044_RI4-5"", ""D0047_LI2-3"", ""D0047_LI3-4"", ""D0047_LI4-5"", ""D0047_RI5-6"", ""D0047_RI6-7"", ""D0055_RPI3-4"", ""D0055_RPI6-7"", ""D0055_RPI8-9"", ""D0063_RAI4-5"", ""D0071_RIA2-3"", ""D0071_RIP4-5"", ""D0071_RIP6-7"", ""D0080_LAI3-4"", ""D0103_LPI3-4"", ""D0103_LPI6-7"", ""D0128_RFAI1-2"", ""D0129_LAI4-5"", ""D0129_LTMS2-3"", ""D0137_LPAI1-2"", ""D0137_LPAI2-3"", ""D0139_LFAI1-2"", ""D0139_LIA4-5""]"
/cwork/ns458/BIDS-1.0_LexicalDecRepDelay/BIDS/derivatives/decoding(bipolar)/sub-Motor/lexicality/sub-Motor_task-LexicalDelay_proc-Stimulus_desc-Decision_highgamma.h5,LexicalDelay,Motor,Stimulus,Decision,168,18,320,84,"{""Nonword"": 84, ""Word"": 84}",10,128,-1.0,1.4921875,epoch(band)(zscore),functional_assignment_intersection_same_phase_decision_repeat_sig_union,0b28f2105a7b08d0c91cfdb94686e6c6f266c9e7e5acc1e32971936695b00b97,3,"[""D0035_LPI2-3"", ""D0035_LPI3-4"", ""D0044_LI8-9"", ""D0047_LI3-4"", ""D0047_LI4-5"", ""D0057_RAI3-4"", ""D0057_RAI5-6"", ""D0071_RIP6-7"", ""D0080_LAI1-2"", ""D0080_LAI3-4"", ""D0090_RIA4-5"", ""D0090_RIP5-6"", ""D0090_RIP6-7"", ""D0102_RFPI1-2"", ""D0102_RTAS2-3"", ""D0103_LPI6-7"", ""D0139_LFAI1-2"", ""D0139_LIA1-2""]"
/cwork/ns458/BIDS-1.0_LexicalDecRepDelay/BIDS/derivatives/decoding(bipolar)/sub-Motor/lexicality/sub-Motor_task-LexicalDelay_proc-Stimulus_desc-Repeat_highgamma.h5,LexicalDelay,Motor,Stimulus,Repeat,168,18,320,84,"{""Nonword"": 84, ""Word"": 84}",10,128,-1.0,1.4921875,epoch(band)(zscore),functional_assignment_intersection_same_phase_decision_repeat_sig_union,0b28f2105a7b08d0c91cfdb94686e6c6f266c9e7e5acc1e32971936695b00b97,3,"[""D0035_LPI2-3"", ""D0035_LPI3-4"", ""D0044_LI8-9"", ""D0047_LI3-4"", ""D0047_LI4-5"", ""D0057_RAI3-4"", ""D0057_RAI5-6"", ""D0071_RIP6-7"", ""D0080_LAI1-2"", ""D0080_LAI3-4"", ""D0090_RIA4-5"", ""D0090_RIP5-6"", ""D0090_RIP6-7"", ""D0102_RFPI1-2"", ""D0102_RTAS2-3"", ""D0103_LPI6-7"", ""D0139_LFAI1-2"", ""D0139_LIA1-2""]"
/cwork/ns458/BIDS-1.0_LexicalDecRepDelay/BIDS/derivatives/decoding(bipolar)/sub-STGl/lexicality/sub-STGl_task-LexicalDelay_proc-Delay_desc-Decision_highgamma.h5,LexicalDelay,STGl,Delay,Decision,168,92,320,84,"{""Nonword"": 84, ""Word"": 84}",12,128,-1.0,1.4921875,epoch(band)(zscore)+sig_union,decision_repeat_union_same_phase,,0,"[""D0035_LMST8-9"", ""D0047_LPMT12-13"", ""D0047_LPMT13-14"", ""D0047_LPMT17-18"", ""D0053_LAMT10-11"", ""D0053_LAMT11-12"", ""D0068_LTAM11-12"", ""D0068_LTAM12-13"", ""D0068_LTAS10-11"", ""D0068_LTAS11-12"", ""D0068_LTMS2-3"", ""D0068_LTMS3-4"", ""D0068_LTMS4-5"", ""D0068_LTMS5-6"", ""D0068_LTMS6-7"", ""D0068_LTMS7-8"", ""D0068_LTPS1-2"", ""D0068_LTPS2-3"", ""D0068_LTPS4-5"", ""D0068_LTPS5-6"", ""D0068_LTPS6-7"", ""D0068_LTPS7-8"", ""D0068_LTPS8-9"", ""D0068_LTPS9-10"", ""D0070_LTMM8-9"", ""D0070_LTMM9-10"", ""D0070_LTMS1-2"", ""D0070_LTMS2-3"", ""D0070_LTMS3-4"", ""D0070_LTMS4-5"", ""D0070_LTMS5-6"", ""D0080_LTAM6-7"", ""D0080_LTAM7-8"", ""D0080_LTAM8-9"", ""D0081_LTAS5-6"", ""D0081_LTAS6-7"", ""D0081_LTMS2-3"", ""D0081_LTMS3-4"", ""D0081_LTMS4-5"", ""D0081_LTMS5-6"", ""D0081_LTMS6-7"", ""D0081_LTMS7-8"", ""D0103_LTAS1-2"", ""D0103_LTAS2-3"", ""D0103_LTAS4-5"", ""D0103_LTAS5-6"", ""D0103_LTMS2-3"", ""D0103_LTMS3-4"", ""D0103_LTMS4-5"", ""D0103_LTMS5-6"", ""D0103_LTMS6-7"", ""D0103_LTMS7-8"", ""D0103_LTMS8-9"", ""D0103_LTMS9-10"", ""D0129_LTAS3-4"", ""D0129_LTAS4-5"", ""D0129_LTAS5-6"", ""D0129_LTAS6-7"", ""D0129_LTMS4-5"", ""D0129_LTMS5-6"", ""D0129_LTMS6-7"", ""D0129_LTMS7-8"", ""D0129_LTPS10-11"", ""D0129_LTPS16-17"", ""D0129_LTPS8-9"", ""D0129_LTPS9-10"", ""D0137_LTMS4-5"", ""D0137_LTMS5-6"", ""D0137_LTMS6-7"", ""D0137_LTPO8-9"", ""D0137_LTPS14-15"", ""D0138_LTMS1-2"", ""D0138_LTMS2-3"", ""D0138_LTMS3-4"", ""D0138_LTMS4-5"", ""D0138_LTMS5-6"", ""D0138_LTMS6-7"", ""D0138_LTPS10-11"", ""D0138_LTPS11-12"", ""D0138_LTPS12-13"", ""D0138_LTPS13-14"", ""D0138_LTPS14-15"", ""D0138_LTPS9-10"", ""D0139_LTAS4-6"", ""D0139_LTMS1-2"", ""D0139_LTMS2-3"", ""D0139_LTMS4-5"", ""D0139_LTMS5-6"", ""D0139_LTPS14-15"", ""D0139_LTPS15-16"", ""D0139_LTPS16-17"", ""D0139_LTPS17-18""]"
/cwork/ns458/BIDS-1.0_LexicalDecRepDelay/BIDS/derivatives/decoding(bipolar)/sub-STGl/lexicality/sub-STGl_task-LexicalDelay_proc-Delay_desc-Repeat_highgamma.h5,LexicalDelay,STGl,Delay,Repeat,168,92,320,84,"{""Nonword"": 84, ""Word"": 84}",12,128,-1.0,1.4921875,epoch(band)(zscore)+sig_union,decision_repeat_union_same_phase,,0,"[""D0035_LMST8-9"", ""D0047_LPMT12-13"", ""D0047_LPMT13-14"", ""D0047_LPMT17-18"", ""D0053_LAMT10-11"", ""D0053_LAMT11-12"", ""D0068_LTAM11-12"", ""D0068_LTAM12-13"", ""D0068_LTAS10-11"", ""D0068_LTAS11-12"", ""D0068_LTMS2-3"", ""D0068_LTMS3-4"", ""D0068_LTMS4-5"", ""D0068_LTMS5-6"", ""D0068_LTMS6-7"", ""D0068_LTMS7-8"", ""D0068_LTPS1-2"", ""D0068_LTPS2-3"", ""D0068_LTPS4-5"", ""D0068_LTPS5-6"", ""D0068_LTPS6-7"", ""D0068_LTPS7-8"", ""D0068_LTPS8-9"", ""D0068_LTPS9-10"", ""D0070_LTMM8-9"", ""D0070_LTMM9-10"", ""D0070_LTMS1-2"", ""D0070_LTMS2-3"", ""D0070_LTMS3-4"", ""D0070_LTMS4-5"", ""D0070_LTMS5-6"", ""D0080_LTAM6-7"", ""D0080_LTAM7-8"", ""D0080_LTAM8-9"", ""D0081_LTAS5-6"", ""D0081_LTAS6-7"", ""D0081_LTMS2-3"", ""D0081_LTMS3-4"", ""D0081_LTMS4-5"", ""D0081_LTMS5-6"", ""D0081_LTMS6-7"", ""D0081_LTMS7-8"", ""D0103_LTAS1-2"", ""D0103_LTAS2-3"", ""D0103_LTAS4-5"", ""D0103_LTAS5-6"", ""D0103_LTMS2-3"", ""D0103_LTMS3-4"", ""D0103_LTMS4-5"", ""D0103_LTMS5-6"", ""D0103_LTMS6-7"", ""D0103_LTMS7-8"", ""D0103_LTMS8-9"", ""D0103_LTMS9-10"", ""D0129_LTAS3-4"", ""D0129_LTAS4-5"", ""D0129_LTAS5-6"", ""D0129_LTAS6-7"", ""D0129_LTMS4-5"", ""D0129_LTMS5-6"", ""D0129_LTMS6-7"", ""D0129_LTMS7-8"", ""D0129_LTPS10-11"", ""D0129_LTPS16-17"", ""D0129_LTPS8-9"", ""D0129_LTPS9-10"", ""D0137_LTMS4-5"", ""D0137_LTMS5-6"", ""D0137_LTMS6-7"", ""D0137_LTPO8-9"", ""D0137_LTPS14-15"", ""D0138_LTMS1-2"", ""D0138_LTMS2-3"", ""D0138_LTMS3-4"", ""D0138_LTMS4-5"", ""D0138_LTMS5-6"", ""D0138_LTMS6-7"", ""D0138_LTPS10-11"", ""D0138_LTPS11-12"", ""D0138_LTPS12-13"", ""D0138_LTPS13-14"", ""D0138_LTPS14-15"", ""D0138_LTPS9-10"", ""D0139_LTAS4-6"", ""D0139_LTMS1-2"", ""D0139_LTMS2-3"", ""D0139_LTMS4-5"", ""D0139_LTMS5-6"", ""D0139_LTPS14-15"", ""D0139_LTPS15-16"", ""D0139_LTPS16-17"", ""D0139_LTPS17-18""]"
/cwork/ns458/BIDS-1.0_LexicalDecRepDelay/BIDS/derivatives/decoding(bipolar)/sub-STGl/lexicality/sub-STGl_task-LexicalDelay_proc-Go_desc-Decision_highgamma.h5,LexicalDelay,STGl,Go,Decision,168,83,320,84,"{""Nonword"": 84, ""Word"": 84}",17,128,-1.0,1.4921875,epoch(band)(zscore)+sig_union,decision_repeat_union_same_phase,,0,"[""D0032_LMST1-2"", ""D0032_LMST2-3"", ""D0032_LMST3-4"", ""D0032_LMST4-5"", ""D0032_LMST7-8"", ""D0035_LMST10-11"", ""D0035_LMST11-12"", ""D0035_LMST12-13"", ""D0035_LMST13-14"", ""D0035_LMST8-9"", ""D0035_LMST9-10"", ""D0053_LAMT10-11"", ""D0053_LAMT11-12"", ""D0053_LAMT8-9"", ""D0053_LAMT9-10"", ""D0055_LAMT5-6"", ""D0057_LAMT5-6"", ""D0057_LAMT6-7"", ""D0068_LTAM11-12"", ""D0068_LTAM12-13"", ""D0068_LTMS4-5"", ""D0068_LTMS5-6"", ""D0068_LTMS6-7"", ""D0068_LTPS1-2"", ""D0068_LTPS2-3"", ""D0068_LTPS4-5"", ""D0068_LTPS5-6"", ""D0068_LTPS6-7"", ""D0068_LTPS7-8"", ""D0068_LTPS8-9"", ""D0068_LTPS9-10"", ""D0070_LTMM8-9"", ""D0070_LTMS1-2"", ""D0070_LTMS5-6"", ""D0079_LTMS1-2"", ""D0079_LTMS2-3"", ""D0079_LTMS6-7"", ""D0079_LTMS7-8"", ""D0079_LTPS1-2"", ""D0079_LTPS3-4"", ""D0079_LTPS4-5"", ""D0079_LTPS5-6"", ""D0079_LTPS6-7"", ""D0079_LTPS7-8"", ""D0080_LTAM8-9"", ""D0081_LTAP10-11"", ""D0081_LTAS5-6"", ""D0081_LTAS7-8"", ""D0081_LTMS2-3"", ""D0081_LTMS3-4"", ""D0081_LTMS4-5"", ""D0081_LTMS5-6"", ""D0081_LTMS6-7"", ""D0081_LTMS7-8"", ""D0086_LTPS11-12"", ""D0086_LTPS12-13"", ""D0096_LTPS2-3"", ""D0096_LTPS3-4"", ""D0096_LTPS4-5"", ""D0096_LTPS5-6"", ""D0096_LTPS7-8"", ""D0103_LTMS3-4"", ""D0103_LTMS4-5"", ""D0103_LTMS5-6"", ""D0103_LTMS8-9"", ""D0129_LTAS5-6"", ""D0129_LTMS4-5"", ""D0129_LTMS5-6"", ""D0129_LTMS6-7"", ""D0129_LTMS7-8"", ""D0129_LTPS16-17"", ""D0129_LTPS8-9"", ""D0129_LTPS9-10"", ""D0137_LTMS4-5"", ""D0137_LTMS6-7"", ""D0137_LTPO8-9"", ""D0138_LTMS2-3"", ""D0138_LTPS12-13"", ""D0138_LTPS13-14"", ""D0139_LTMS1-2"", ""D0139_LTMS2-3"", ""D0139_LTPS15-16"", ""D0139_LTPS16-17""]"
/cwork/ns458/BIDS-1.0_LexicalDecRepDelay/BIDS/derivatives/decoding(bipolar)/sub-STGl/lexicality/sub-STGl_task-LexicalDelay_proc-Go_desc-Repeat_highgamma.h5,LexicalDelay,STGl,Go,Repeat,168,83,320,84,"{""Nonword"": 84, ""Word"": 84}",17,128,-1.0,1.4921875,epoch(band)(zscore)+sig_union,decision_repeat_union_same_phase,,0,"[""D0032_LMST1-2"", ""D0032_LMST2-3"", ""D0032_LMST3-4"", ""D0032_LMST4-5"", ""D0032_LMST7-8"", ""D0035_LMST10-11"", ""D0035_LMST11-12"", ""D0035_LMST12-13"", ""D0035_LMST13-14"", ""D0035_LMST8-9"", ""D0035_LMST9-10"", ""D0053_LAMT10-11"", ""D0053_LAMT11-12"", ""D0053_LAMT8-9"", ""D0053_LAMT9-10"", ""D0055_LAMT5-6"", ""D0057_LAMT5-6"", ""D0057_LAMT6-7"", ""D0068_LTAM11-12"", ""D0068_LTAM12-13"", ""D0068_LTMS4-5"", ""D0068_LTMS5-6"", ""D0068_LTMS6-7"", ""D0068_LTPS1-2"", ""D0068_LTPS2-3"", ""D0068_LTPS4-5"", ""D0068_LTPS5-6"", ""D0068_LTPS6-7"", ""D0068_LTPS7-8"", ""D0068_LTPS8-9"", ""D0068_LTPS9-10"", ""D0070_LTMM8-9"", ""D0070_LTMS1-2"", ""D0070_LTMS5-6"", ""D0079_LTMS1-2"", ""D0079_LTMS2-3"", ""D0079_LTMS6-7"", ""D0079_LTMS7-8"", ""D0079_LTPS1-2"", ""D0079_LTPS3-4"", ""D0079_LTPS4-5"", ""D0079_LTPS5-6"", ""D0079_LTPS6-7"", ""D0079_LTPS7-8"", ""D0080_LTAM8-9"", ""D0081_LTAP10-11"", ""D0081_LTAS5-6"", ""D0081_LTAS7-8"", ""D0081_LTMS2-3"", ""D0081_LTMS3-4"", ""D0081_LTMS4-5"", ""D0081_LTMS5-6"", ""D0081_LTMS6-7"", ""D0081_LTMS7-8"", ""D0086_LTPS11-12"", ""D0086_LTPS12-13"", ""D0096_LTPS2-3"", ""D0096_LTPS3-4"", ""D0096_LTPS4-5"", ""D0096_LTPS5-6"", ""D0096_LTPS7-8"", ""D0103_LTMS3-4"", ""D0103_LTMS4-5"", ""D0103_LTMS5-6"", ""D0103_LTMS8-9"", ""D0129_LTAS5-6"", ""D0129_LTMS4-5"", ""D0129_LTMS5-6"", ""D0129_LTMS6-7"", ""D0129_LTMS7-8"", ""D0129_LTPS16-17"", ""D0129_LTPS8-9"", ""D0129_LTPS9-10"", ""D0137_LTMS4-5"", ""D0137_LTMS6-7"", ""D0137_LTPO8-9"", ""D0138_LTMS2-3"", ""D0138_LTPS12-13"", ""D0138_LTPS13-14"", ""D0139_LTMS1-2"", ""D0139_LTMS2-3"", ""D0139_LTPS15-16"", ""D0139_LTPS16-17""]"
/cwork/ns458/BIDS-1.0_LexicalDecRepDelay/BIDS/derivatives/decoding(bipolar)/sub-STGl/lexicality/sub-STGl_task-LexicalDelay_proc-Response_desc-Decision_highgamma.h5,LexicalDelay,STGl,Response,Decision,168,94,320,84,"{""Nonword"": 84, ""Word"": 84}",13,128,-1.0,1.4921875,epoch(band)(zscore)+sig_union,decision_repeat_union_same_phase,,0,"[""D0035_LMST10-11"", ""D0035_LMST11-12"", ""D0035_LMST12-13"", ""D0035_LMST13-14"", ""D0035_LMST8-9"", ""D0035_LMST9-10"", ""D0047_LPMT12-13"", ""D0047_LPMT13-14"", ""D0047_LPMT17-18"", ""D0055_LAMT5-6"", ""D0057_LAMT5-6"", ""D0057_LAMT6-7"", ""D0059_LMIF1-2"", ""D0068_LTAM11-12"", ""D0068_LTAM12-13"", ""D0068_LTAS8-9"", ""D0068_LTMS2-3"", ""D0068_LTMS3-4"", ""D0068_LTMS4-5"", ""D0068_LTMS5-6"", ""D0068_LTMS6-7"", ""D0068_LTPS1-2"", ""D0068_LTPS2-3"", ""D0068_LTPS4-5"", ""D0068_LTPS5-6"", ""D0068_LTPS6-7"", ""D0068_LTPS7-8"", ""D0068_LTPS8-9"", ""D0068_LTPS9-10"", ""D0080_LTAM8-9"", ""D0081_LTAP10-11"", ""D0081_LTAP9-10"", ""D0081_LTAS5-6"", ""D0081_LTAS6-7"", ""D0081_LTAS7-8"", ""D0081_LTMS2-3"", ""D0081_LTMS3-4"", ""D0081_LTMS4-5"", ""D0081_LTMS5-6"", ""D0081_LTMS6-7"", ""D0081_LTMS7-8"", ""D0103_LTAS1-2"", ""D0103_LTAS2-3"", ""D0103_LTAS4-5"", ""D0103_LTAS5-6"", ""D0103_LTMS2-3"", ""D0103_LTMS3-4"", ""D0103_LTMS4-5"", ""D0103_LTMS5-6"", ""D0103_LTMS6-7"", ""D0103_LTMS7-8"", ""D0103_LTMS8-9"", ""D0103_LTMS9-10"", ""D0129_LTAS3-4"", ""D0129_LTAS5-6"", ""D0129_LTAS6-7"", ""D0129_LTMS4-5"", ""D0129_LTMS5-6"", ""D0129_LTMS6-7"", ""D0129_LTMS7-8"", ""D0129_LTPS10-11"", ""D0129_LTPS16-17"", ""D0129_LTPS8-9"", ""D0129_LTPS9-10"", ""D0137_LTMS4-5"", ""D0137_LTMS5-6"", ""D0137_LTMS6-7"", ""D0137_LTPO8-9"", ""D0137_LTPS15-16"", ""D0137_LTPS16-17"", ""D0137_LTPS17-18"", ""D0138_LTMS1-2"", ""D0138_LTMS2-3"", ""D0138_LTMS3-4"", ""D0138_LTMS4-5"", ""D0138_LTMS5-6"", ""D0138_LTMS7-8"", ""D0138_LTPS10-11"", ""D0138_LTPS11-12"", ""D0138_LTPS12-13"", ""D0138_LTPS13-14"", ""D0138_LTPS14-15"", ""D0138_LTPS9-10"", ""D0139_LTAS4-6"", ""D0139_LTAS6-7"", ""D0139_LTAS7-8"", ""D0139_LTMS1-2"", ""D0139_LTMS2-3"", ""D0139_LTMS4-5"", ""D0139_LTMS5-6"", ""D0139_LTPS14-15"", ""D0139_LTPS15-16"", ""D0139_LTPS16-17"", ""D0139_LTPS17-18""]"
/cwork/ns458/BIDS-1.0_LexicalDecRepDelay/BIDS/derivatives/decoding(bipolar)/sub-STGl/lexicality/sub-STGl_task-LexicalDelay_proc-Response_desc-Repeat_highgamma.h5,LexicalDelay,STGl,Response,Repeat,168,94,320,84,"{""Nonword"": 84, ""Word"": 84}",13,128,-1.0,1.4921875,epoch(band)(zscore)+sig_union,decision_repeat_union_same_phase,,0,"[""D0035_LMST10-11"", ""D0035_LMST11-12"", ""D0035_LMST12-13"", ""D0035_LMST13-14"", ""D0035_LMST8-9"", ""D0035_LMST9-10"", ""D0047_LPMT12-13"", ""D0047_LPMT13-14"", ""D0047_LPMT17-18"", ""D0055_LAMT5-6"", ""D0057_LAMT5-6"", ""D0057_LAMT6-7"", ""D0059_LMIF1-2"", ""D0068_LTAM11-12"", ""D0068_LTAM12-13"", ""D0068_LTAS8-9"", ""D0068_LTMS2-3"", ""D0068_LTMS3-4"", ""D0068_LTMS4-5"", ""D0068_LTMS5-6"", ""D0068_LTMS6-7"", ""D0068_LTPS1-2"", ""D0068_LTPS2-3"", ""D0068_LTPS4-5"", ""D0068_LTPS5-6"", ""D0068_LTPS6-7"", ""D0068_LTPS7-8"", ""D0068_LTPS8-9"", ""D0068_LTPS9-10"", ""D0080_LTAM8-9"", ""D0081_LTAP10-11"", ""D0081_LTAP9-10"", ""D0081_LTAS5-6"", ""D0081_LTAS6-7"", ""D0081_LTAS7-8"", ""D0081_LTMS2-3"", ""D0081_LTMS3-4"", ""D0081_LTMS4-5"", ""D0081_LTMS5-6"", ""D0081_LTMS6-7"", ""D0081_LTMS7-8"", ""D0103_LTAS1-2"", ""D0103_LTAS2-3"", ""D0103_LTAS4-5"", ""D0103_LTAS5-6"", ""D0103_LTMS2-3"", ""D0103_LTMS3-4"", ""D0103_LTMS4-5"", ""D0103_LTMS5-6"", ""D0103_LTMS6-7"", ""D0103_LTMS7-8"", ""D0103_LTMS8-9"", ""D0103_LTMS9-10"", ""D0129_LTAS3-4"", ""D0129_LTAS5-6"", ""D0129_LTAS6-7"", ""D0129_LTMS4-5"", ""D0129_LTMS5-6"", ""D0129_LTMS6-7"", ""D0129_LTMS7-8"", ""D0129_LTPS10-11"", ""D0129_LTPS16-17"", ""D0129_LTPS8-9"", ""D0129_LTPS9-10"", ""D0137_LTMS4-5"", ""D0137_LTMS5-6"", ""D0137_LTMS6-7"", ""D0137_LTPO8-9"", ""D0137_LTPS15-16"", ""D0137_LTPS16-17"", ""D0137_LTPS17-18"", ""D0138_LTMS1-2"", ""D0138_LTMS2-3"", ""D0138_LTMS3-4"", ""D0138_LTMS4-5"", ""D0138_LTMS5-6"", ""D0138_LTMS7-8"", ""D0138_LTPS10-11"", ""D0138_LTPS11-12"", ""D0138_LTPS12-13"", ""D0138_LTPS13-14"", ""D0138_LTPS14-15"", ""D0138_LTPS9-10"", ""D0139_LTAS4-6"", ""D0139_LTAS6-7"", ""D0139_LTAS7-8"", ""D0139_LTMS1-2"", ""D0139_LTMS2-3"", ""D0139_LTMS4-5"", ""D0139_LTMS5-6"", ""D0139_LTPS14-15"", ""D0139_LTPS15-16"", ""D0139_LTPS16-17"", ""D0139_LTPS17-18""]"
/cwork/ns458/BIDS-1.0_LexicalDecRepDelay/BIDS/derivatives/decoding(bipolar)/sub-STGl/lexicality/sub-STGl_task-LexicalDelay_proc-Stimulus_desc-Decision_highgamma.h5,LexicalDelay,STGl,Stimulus,Decision,168,85,320,84,"{""Nonword"": 84, ""Word"": 84}",11,128,-1.0,1.4921875,epoch(band)(zscore)+sig_union,decision_repeat_union_same_phase,,0,"[""D0035_LMST8-9"", ""D0047_LPMT12-13"", ""D0047_LPMT13-14"", ""D0047_LPMT17-18"", ""D0053_LAMT10-11"", ""D0053_LAMT11-12"", ""D0053_LAMT9-10"", ""D0055_LAMT5-6"", ""D0068_LTAM11-12"", ""D0068_LTAM12-13"", ""D0068_LTAS10-11"", ""D0068_LTAS11-12"", ""D0068_LTMS2-3"", ""D0068_LTMS3-4"", ""D0068_LTMS4-5"", ""D0068_LTMS5-6"", ""D0068_LTMS6-7"", ""D0068_LTMS7-8"", ""D0068_LTPS1-2"", ""D0068_LTPS2-3"", ""D0068_LTPS4-5"", ""D0068_LTPS5-6"", ""D0068_LTPS6-7"", ""D0068_LTPS7-8"", ""D0068_LTPS8-9"", ""D0068_LTPS9-10"", ""D0081_LTAS5-6"", ""D0081_LTAS6-7"", ""D0081_LTMS2-3"", ""D0081_LTMS3-4"", ""D0081_LTMS4-5"", ""D0081_LTMS5-6"", ""D0081_LTMS6-7"", ""D0081_LTMS7-8"", ""D0103_LTAS1-2"", ""D0103_LTAS2-3"", ""D0103_LTAS4-5"", ""D0103_LTAS5-6"", ""D0103_LTMS2-3"", ""D0103_LTMS3-4"", ""D0103_LTMS4-5"", ""D0103_LTMS5-6"", ""D0103_LTMS6-7"", ""D0103_LTMS7-8"", ""D0103_LTMS8-9"", ""D0103_LTMS9-10"", ""D0129_LTAS3-4"", ""D0129_LTAS4-5"", ""D0129_LTAS5-6"", ""D0129_LTAS6-7"", ""D0129_LTAS7-8"", ""D0129_LTMS4-5"", ""D0129_LTMS5-6"", ""D0129_LTMS6-7"", ""D0129_LTMS7-8"", ""D0129_LTPS10-11"", ""D0129_LTPS16-17"", ""D0129_LTPS8-9"", ""D0129_LTPS9-10"", ""D0137_LTMS4-5"", ""D0137_LTMS5-6"", ""D0137_LTMS6-7"", ""D0137_LTPO8-9"", ""D0138_LTAS7-8"", ""D0138_LTMS1-2"", ""D0138_LTMS2-3"", ""D0138_LTMS3-4"", ""D0138_LTMS4-5"", ""D0138_LTMS5-6"", ""D0138_LTMS6-7"", ""D0138_LTPS10-11"", ""D0138_LTPS11-12"", ""D0138_LTPS12-13"", ""D0138_LTPS13-14"", ""D0138_LTPS14-15"", ""D0138_LTPS9-10"", ""D0139_LTAS4-6"", ""D0139_LTMS1-2"", ""D0139_LTMS2-3"", ""D0139_LTMS4-5"", ""D0139_LTMS5-6"", ""D0139_LTPS14-15"", ""D0139_LTPS15-16"", ""D0139_LTPS16-17"", ""D0139_LTPS17-18""]"
/cwork/ns458/BIDS-1.0_LexicalDecRepDelay/BIDS/derivatives/decoding(bipolar)/sub-STGl/lexicality/sub-STGl_task-LexicalDelay_proc-Stimulus_desc-Repeat_highgamma.h5,LexicalDelay,STGl,Stimulus,Repeat,168,85,320,84,"{""Nonword"": 84, ""Word"": 84}",11,128,-1.0,1.4921875,epoch(band)(zscore)+sig_union,decision_repeat_union_same_phase,,0,"[""D0035_LMST8-9"", ""D0047_LPMT12-13"", ""D0047_LPMT13-14"", ""D0047_LPMT17-18"", ""D0053_LAMT10-11"", ""D0053_LAMT11-12"", ""D0053_LAMT9-10"", ""D0055_LAMT5-6"", ""D0068_LTAM11-12"", ""D0068_LTAM12-13"", ""D0068_LTAS10-11"", ""D0068_LTAS11-12"", ""D0068_LTMS2-3"", ""D0068_LTMS3-4"", ""D0068_LTMS4-5"", ""D0068_LTMS5-6"", ""D0068_LTMS6-7"", ""D0068_LTMS7-8"", ""D0068_LTPS1-2"", ""D0068_LTPS2-3"", ""D0068_LTPS4-5"", ""D0068_LTPS5-6"", ""D0068_LTPS6-7"", ""D0068_LTPS7-8"", ""D0068_LTPS8-9"", ""D0068_LTPS9-10"", ""D0081_LTAS5-6"", ""D0081_LTAS6-7"", ""D0081_LTMS2-3"", ""D0081_LTMS3-4"", ""D0081_LTMS4-5"", ""D0081_LTMS5-6"", ""D0081_LTMS6-7"", ""D0081_LTMS7-8"", ""D0103_LTAS1-2"", ""D0103_LTAS2-3"", ""D0103_LTAS4-5"", ""D0103_LTAS5-6"", ""D0103_LTMS2-3"", ""D0103_LTMS3-4"", ""D0103_LTMS4-5"", ""D0103_LTMS5-6"", ""D0103_LTMS6-7"", ""D0103_LTMS7-8"", ""D0103_LTMS8-9"", ""D0103_LTMS9-10"", ""D0129_LTAS3-4"", ""D0129_LTAS4-5"", ""D0129_LTAS5-6"", ""D0129_LTAS6-7"", ""D0129_LTAS7-8"", ""D0129_LTMS4-5"", ""D0129_LTMS5-6"", ""D0129_LTMS6-7"", ""D0129_LTMS7-8"", ""D0129_LTPS10-11"", ""D0129_LTPS16-17"", ""D0129_LTPS8-9"", ""D0129_LTPS9-10"", ""D0137_LTMS4-5"", ""D0137_LTMS5-6"", ""D0137_LTMS6-7"", ""D0137_LTPO8-9"", ""D0138_LTAS7-8"", ""D0138_LTMS1-2"", ""D0138_LTMS2-3"", ""D0138_LTMS3-4"", ""D0138_LTMS4-5"", ""D0138_LTMS5-6"", ""D0138_LTMS6-7"", ""D0138_LTPS10-11"", ""D0138_LTPS11-12"", ""D0138_LTPS12-13"", ""D0138_LTPS13-14"", ""D0138_LTPS14-15"", ""D0138_LTPS9-10"", ""D0139_LTAS4-6"", ""D0139_LTMS1-2"", ""D0139_LTMS2-3"", ""D0139_LTMS4-5"", ""D0139_LTMS5-6"", ""D0139_LTPS14-15"", ""D0139_LTPS15-16"", ""D0139_LTPS16-17"", ""D0139_LTPS17-18""]"
/cwork/ns458/BIDS-1.0_LexicalDecRepDelay/BIDS/derivatives/decoding(bipolar)/sub-SMCl/lexicality/sub-SMCl_task-LexicalDelay_proc-Delay_desc-Decision_highgamma.h5,LexicalDelay,SMCl,Delay,Decision,168,32,320,84,"{""Nonword"": 84, ""Word"": 84}",11,128,-1.0,1.4921875,epoch(band)(zscore)+sig_union,decision_repeat_union_same_phase,,0,"[""D0035_LMIF11-12"", ""D0035_LMIF12-13"", ""D0035_LMIF13-14"", ""D0035_LPI10-11"", ""D0035_LPI11-12"", ""D0035_LPI9-10"", ""D0038_LI10-11"", ""D0038_LI9-10"", ""D0044_LI12-13"", ""D0044_LI13-14"", ""D0059_LMSF10-11"", ""D0059_LPSF7-8"", ""D0063_LPSF2-3"", ""D0068_LFPM10-11"", ""D0068_LFPM11-12"", ""D0068_LFPM13-14"", ""D0068_LFPM14-15"", ""D0068_LFPM9-10"", ""D0080_LPI15-16"", ""D0080_LPI16-17"", ""D0080_LPI17-18"", ""D0121_LFMI3-4"", ""D0129_LAI6-7"", ""D0137_LPAI6-7"", ""D0137_LPAI7-8"", ""D0137_LPAI8-9"", ""D0137_LPAI9-10"", ""D0137_LPI11-12"", ""D0137_LPPI12-13"", ""D0139_LFAI3-4"", ""D0139_LFAI6-7"", ""D0139_LFAI8-9""]"
/cwork/ns458/BIDS-1.0_LexicalDecRepDelay/BIDS/derivatives/decoding(bipolar)/sub-SMCl/lexicality/sub-SMCl_task-LexicalDelay_proc-Delay_desc-Repeat_highgamma.h5,LexicalDelay,SMCl,Delay,Repeat,168,32,320,84,"{""Nonword"": 84, ""Word"": 84}",11,128,-1.0,1.4921875,epoch(band)(zscore)+sig_union,decision_repeat_union_same_phase,,0,"[""D0035_LMIF11-12"", ""D0035_LMIF12-13"", ""D0035_LMIF13-14"", ""D0035_LPI10-11"", ""D0035_LPI11-12"", ""D0035_LPI9-10"", ""D0038_LI10-11"", ""D0038_LI9-10"", ""D0044_LI12-13"", ""D0044_LI13-14"", ""D0059_LMSF10-11"", ""D0059_LPSF7-8"", ""D0063_LPSF2-3"", ""D0068_LFPM10-11"", ""D0068_LFPM11-12"", ""D0068_LFPM13-14"", ""D0068_LFPM14-15"", ""D0068_LFPM9-10"", ""D0080_LPI15-16"", ""D0080_LPI16-17"", ""D0080_LPI17-18"", ""D0121_LFMI3-4"", ""D0129_LAI6-7"", ""D0137_LPAI6-7"", ""D0137_LPAI7-8"", ""D0137_LPAI8-9"", ""D0137_LPAI9-10"", ""D0137_LPI11-12"", ""D0137_LPPI12-13"", ""D0139_LFAI3-4"", ""D0139_LFAI6-7"", ""D0139_LFAI8-9""]"
/cwork/ns458/BIDS-1.0_LexicalDecRepDelay/BIDS/derivatives/decoding(bipolar)/sub-SMCl/lexicality/sub-SMCl_task-LexicalDelay_proc-Go_desc-Decision_highgamma.h5,LexicalDelay,SMCl,Go,Decision,168,41,320,84,"{""Nonword"": 84, ""Word"": 84}",13,128,-1.0,1.4921875,epoch(band)(zscore)+sig_union,decision_repeat_union_same_phase,,0,"[""D0035_LMIF11-12"", ""D0035_LMIF12-13"", ""D0035_LMIF13-14"", ""D0035_LPI10-11"", ""D0035_LPI11-12"", ""D0035_LPI7-8"", ""D0035_LPI9-10"", ""D0038_LI9-10"", ""D0044_LI12-13"", ""D0044_LI13-14"", ""D0059_LMSF10-11"", ""D0059_LPSF7-8"", ""D0063_LPSF1-2"", ""D0063_LPSF2-3"", ""D0063_LPSF3-4"", ""D0068_LFPM10-11"", ""D0068_LFPM11-12"", ""D0068_LFPM13-14"", ""D0068_LFPM14-15"", ""D0068_LFPM9-10"", ""D0080_LPI15-16"", ""D0080_LPI16-17"", ""D0081_LPAM2-3"", ""D0103_LPPI15-16"", ""D0103_LPPI16-17"", ""D0103_LPPI17-18"", ""D0121_LFMI3-4"", ""D0121_LTMM14-15"", ""D0129_LAI6-7"", ""D0137_LPAI4-5"", ""D0137_LPAI8-9"", ""D0137_LPAI9-10"", ""D0137_LPI11-12"", ""D0137_LPI16-17"", ""D0137_LPPI10-11"", ""D0137_LPPI11-12"", ""D0137_LPPI12-13"", ""D0139_LFAI3-4"", ""D0139_LFAI6-7"", ""D0139_LFAI8-9"", ""D0139_LFAI9-10""]"
/cwork/ns458/BIDS-1.0_LexicalDecRepDelay/BIDS/derivatives/decoding(bipolar)/sub-SMCl/lexicality/sub-SMCl_task-LexicalDelay_proc-Go_desc-Repeat_highgamma.h5,LexicalDelay,SMCl,Go,Repeat,168,41,320,84,"{""Nonword"": 84, ""Word"": 84}",13,128,-1.0,1.4921875,epoch(band)(zscore)+sig_union,decision_repeat_union_same_phase,,0,"[""D0035_LMIF11-12"", ""D0035_LMIF12-13"", ""D0035_LMIF13-14"", ""D0035_LPI10-11"", ""D0035_LPI11-12"", ""D0035_LPI7-8"", ""D0035_LPI9-10"", ""D0038_LI9-10"", ""D0044_LI12-13"", ""D0044_LI13-14"", ""D0059_LMSF10-11"", ""D0059_LPSF7-8"", ""D0063_LPSF1-2"", ""D0063_LPSF2-3"", ""D0063_LPSF3-4"", ""D0068_LFPM10-11"", ""D0068_LFPM11-12"", ""D0068_LFPM13-14"", ""D0068_LFPM14-15"", ""D0068_LFPM9-10"", ""D0080_LPI15-16"", ""D0080_LPI16-17"", ""D0081_LPAM2-3"", ""D0103_LPPI15-16"", ""D0103_LPPI16-17"", ""D0103_LPPI17-18"", ""D0121_LFMI3-4"", ""D0121_LTMM14-15"", ""D0129_LAI6-7"", ""D0137_LPAI4-5"", ""D0137_LPAI8-9"", ""D0137_LPAI9-10"", ""D0137_LPI11-12"", ""D0137_LPI16-17"", ""D0137_LPPI10-11"", ""D0137_LPPI11-12"", ""D0137_LPPI12-13"", ""D0139_LFAI3-4"", ""D0139_LFAI6-7"", ""D0139_LFAI8-9"", ""D0139_LFAI9-10""]"
/cwork/ns458/BIDS-1.0_LexicalDecRepDelay/BIDS/derivatives/decoding(bipolar)/sub-SMCl/lexicality/sub-SMCl_task-LexicalDelay_proc-Response_desc-Decision_highgamma.h5,LexicalDelay,SMCl,Response,Decision,168,47,320,84,"{""Nonword"": 84, ""Word"": 84}",13,128,-1.0,1.4921875,epoch(band)(zscore)+sig_union,decision_repeat_union_same_phase,,0,"[""D0035_LMIF11-12"", ""D0035_LMIF12-13"", ""D0035_LMIF13-14"", ""D0035_LPI10-11"", ""D0035_LPI11-12"", ""D0035_LPI7-8"", ""D0035_LPI9-10"", ""D0038_LI10-11"", ""D0038_LI9-10"", ""D0044_LI12-13"", ""D0044_LI13-14"", ""D0059_LMSF10-11"", ""D0059_LPSF7-8"", ""D0063_LPSF1-2"", ""D0063_LPSF2-3"", ""D0063_LPSF3-4"", ""D0068_LFPM10-11"", ""D0068_LFPM11-12"", ""D0068_LFPM13-14"", ""D0068_LFPM14-15"", ""D0068_LFPM9-10"", ""D0080_LPI15-16"", ""D0081_LPAM2-3"", ""D0081_LPAM3-4"", ""D0103_LPPI15-16"", ""D0103_LPPI16-17"", ""D0103_LPPI17-18"", ""D0121_LFMI3-4"", ""D0121_LTMM14-15"", ""D0129_LAI6-7"", ""D0137_LPAI4-5"", ""D0137_LPAI5-6"", ""D0137_LPAI6-7"", ""D0137_LPAI7-8"", ""D0137_LPAI8-9"", ""D0137_LPAI9-10"", ""D0137_LPI11-12"", ""D0137_LPI14-15"", ""D0137_LPI15-16"", ""D0137_LPPI10-11"", ""D0137_LPPI11-12"", ""D0137_LPPI12-13"", ""D0139_LFAI3-4"", ""D0139_LFAI6-7"", ""D0139_LFAI8-9"", ""D0139_LFAI9-10"", ""D0139_LIA6-7""]"
/cwork/ns458/BIDS-1.0_LexicalDecRepDelay/BIDS/derivatives/decoding(bipolar)/sub-SMCl/lexicality/sub-SMCl_task-LexicalDelay_proc-Response_desc-Repeat_highgamma.h5,LexicalDelay,SMCl,Response,Repeat,168,47,320,84,"{""Nonword"": 84, ""Word"": 84}",13,128,-1.0,1.4921875,epoch(band)(zscore)+sig_union,decision_repeat_union_same_phase,,0,"[""D0035_LMIF11-12"", ""D0035_LMIF12-13"", ""D0035_LMIF13-14"", ""D0035_LPI10-11"", ""D0035_LPI11-12"", ""D0035_LPI7-8"", ""D0035_LPI9-10"", ""D0038_LI10-11"", ""D0038_LI9-10"", ""D0044_LI12-13"", ""D0044_LI13-14"", ""D0059_LMSF10-11"", ""D0059_LPSF7-8"", ""D0063_LPSF1-2"", ""D0063_LPSF2-3"", ""D0063_LPSF3-4"", ""D0068_LFPM10-11"", ""D0068_LFPM11-12"", ""D0068_LFPM13-14"", ""D0068_LFPM14-15"", ""D0068_LFPM9-10"", ""D0080_LPI15-16"", ""D0081_LPAM2-3"", ""D0081_LPAM3-4"", ""D0103_LPPI15-16"", ""D0103_LPPI16-17"", ""D0103_LPPI17-18"", ""D0121_LFMI3-4"", ""D0121_LTMM14-15"", ""D0129_LAI6-7"", ""D0137_LPAI4-5"", ""D0137_LPAI5-6"", ""D0137_LPAI6-7"", ""D0137_LPAI7-8"", ""D0137_LPAI8-9"", ""D0137_LPAI9-10"", ""D0137_LPI11-12"", ""D0137_LPI14-15"", ""D0137_LPI15-16"", ""D0137_LPPI10-11"", ""D0137_LPPI11-12"", ""D0137_LPPI12-13"", ""D0139_LFAI3-4"", ""D0139_LFAI6-7"", ""D0139_LFAI8-9"", ""D0139_LFAI9-10"", ""D0139_LIA6-7""]"
/cwork/ns458/BIDS-1.0_LexicalDecRepDelay/BIDS/derivatives/decoding(bipolar)/sub-SMCl/lexicality/sub-SMCl_task-LexicalDelay_proc-Stimulus_desc-Decision_highgamma.h5,LexicalDelay,SMCl,Stimulus,Decision,168,33,320,84,"{""Nonword"": 84, ""Word"": 84}",9,128,-1.0,1.4921875,epoch(band)(zscore)+sig_union,decision_repeat_union_same_phase,,0,"[""D0035_LMIF11-12"", ""D0035_LMIF12-13"", ""D0035_LMIF13-14"", ""D0035_LPI10-11"", ""D0035_LPI11-12"", ""D0035_LPI7-8"", ""D0038_LI10-11"", ""D0038_LI9-10"", ""D0044_LI12-13"", ""D0044_LI13-14"", ""D0068_LFPM10-11"", ""D0068_LFPM11-12"", ""D0068_LFPM13-14"", ""D0068_LFPM14-15"", ""D0068_LFPM9-10"", ""D0080_LFMM11-12"", ""D0080_LPI15-16"", ""D0080_LPI16-17"", ""D0080_LPI17-18"", ""D0121_LFMI3-4"", ""D0129_LAI6-7"", ""D0137_LPAI4-5"", ""D0137_LPAI5-6"", ""D0137_LPAI6-7"", ""D0137_LPAI7-8"", ""D0137_LPAI8-9"", ""D0137_LPAI9-10"", ""D0137_LPI11-12"", ""D0137_LPPI10-11"", ""D0137_LPPI12-13"", ""D0139_LFAI3-4"", ""D0139_LFAI6-7"", ""D0139_LFAI8-9""]"
/cwork/ns458/BIDS-1.0_LexicalDecRepDelay/BIDS/derivatives/decoding(bipolar)/sub-SMCl/lexicality/sub-SMCl_task-LexicalDelay_proc-Stimulus_desc-Repeat_highgamma.h5,LexicalDelay,SMCl,Stimulus,Repeat,168,33,320,84,"{""Nonword"": 84, ""Word"": 84}",9,128,-1.0,1.4921875,epoch(band)(zscore)+sig_union,decision_repeat_union_same_phase,,0,"[""D0035_LMIF11-12"", ""D0035_LMIF12-13"", ""D0035_LMIF13-14"", ""D0035_LPI10-11"", ""D0035_LPI11-12"", ""D0035_LPI7-8"", ""D0038_LI10-11"", ""D0038_LI9-10"", ""D0044_LI12-13"", ""D0044_LI13-14"", ""D0068_LFPM10-11"", ""D0068_LFPM11-12"", ""D0068_LFPM13-14"", ""D0068_LFPM14-15"", ""D0068_LFPM9-10"", ""D0080_LFMM11-12"", ""D0080_LPI15-16"", ""D0080_LPI16-17"", ""D0080_LPI17-18"", ""D0121_LFMI3-4"", ""D0129_LAI6-7"", ""D0137_LPAI4-5"", ""D0137_LPAI5-6"", ""D0137_LPAI6-7"", ""D0137_LPAI7-8"", ""D0137_LPAI8-9"", ""D0137_LPAI9-10"", ""D0137_LPI11-12"", ""D0137_LPPI10-11"", ""D0137_LPPI12-13"", ""D0139_LFAI3-4"", ""D0139_LFAI6-7"", ""D0139_LFAI8-9""]"
/cwork/ns458/BIDS-1.0_LexicalDecRepDelay/BIDS/derivatives/decoding(bipolar)/sub-MFGl/lexicality/sub-MFGl_task-LexicalDelay_proc-Delay_desc-Decision_highgamma.h5,LexicalDelay,MFGl,Delay,Decision,168,68,320,84,"{""Nonword"": 84, ""Word"": 84}",16,128,-1.0,1.4921875,epoch(band)(zscore)+sig_union,decision_repeat_union_same_phase,,0,"[""D0035_LMIF10-11"", ""D0035_LMIF9-10"", ""D0038_LI12-13"", ""D0038_LI13-14"", ""D0038_LI14-15"", ""D0044_LI15-16"", ""D0047_LI12-13"", ""D0047_LI14-15"", ""D0053_LAIF10-11"", ""D0053_LAIF11-12"", ""D0053_LPI11-12"", ""D0053_LPI12-13"", ""D0053_LPI13-14"", ""D0059_LMMF10-11"", ""D0059_LMMF11-12"", ""D0059_LMMF8-9"", ""D0059_LMMF9-10"", ""D0059_LPSF11-12"", ""D0068_LAI11-12"", ""D0068_LAI14-15"", ""D0068_LFPM7-8"", ""D0070_LFAI8-9"", ""D0070_LFAI9-10"", ""D0070_LIA7-8"", ""D0070_LIA8-9"", ""D0080_LAI13-14"", ""D0080_LFAM10-11"", ""D0080_LFAM8-9"", ""D0080_LFAM9-10"", ""D0080_LFMM7-8"", ""D0080_LFMM8-9"", ""D0080_LFMM9-10"", ""D0081_LFMM12-13"", ""D0081_LFMM13-14"", ""D0081_LFMM9-10"", ""D0103_LAI12-13"", ""D0103_LAI13-14"", ""D0103_LAI14-15"", ""D0103_LFAM13-14"", ""D0103_LFAM6-7"", ""D0103_LFAM7-8"", ""D0103_LFAM8-9"", ""D0103_LFAM9-10"", ""D0128_LFAM12-13"", ""D0129_LAI11-12"", ""D0129_LAI12-13"", ""D0129_LAI13-14"", ""D0129_LAI17-18"", ""D0129_LFAM10-11"", ""D0129_LFAM11-12"", ""D0129_LFAM12-13"", ""D0129_LFAM7-8"", ""D0129_LFAM8-9"", ""D0129_LFAM9-10"", ""D0137_LAI10-11"", ""D0137_LAI13-14"", ""D0137_LAI14-15"", ""D0138_LFAM11-12"", ""D0138_LFAM12-13"", ""D0138_LFOP14-15"", ""D0138_LFOP15-16"", ""D0139_LFAM10-11"", ""D0139_LFAM11-12"", ""D0139_LFAM12-13"", ""D0139_LFAM13-14"", ""D0139_LFAM14-15"", ""D0139_LFAM6-10"", ""D0139_LIA14-15""]"
/cwork/ns458/BIDS-1.0_LexicalDecRepDelay/BIDS/derivatives/decoding(bipolar)/sub-MFGl/lexicality/sub-MFGl_task-LexicalDelay_proc-Delay_desc-Repeat_highgamma.h5,LexicalDelay,MFGl,Delay,Repeat,168,68,320,84,"{""Nonword"": 84, ""Word"": 84}",16,128,-1.0,1.4921875,epoch(band)(zscore)+sig_union,decision_repeat_union_same_phase,,0,"[""D0035_LMIF10-11"", ""D0035_LMIF9-10"", ""D0038_LI12-13"", ""D0038_LI13-14"", ""D0038_LI14-15"", ""D0044_LI15-16"", ""D0047_LI12-13"", ""D0047_LI14-15"", ""D0053_LAIF10-11"", ""D0053_LAIF11-12"", ""D0053_LPI11-12"", ""D0053_LPI12-13"", ""D0053_LPI13-14"", ""D0059_LMMF10-11"", ""D0059_LMMF11-12"", ""D0059_LMMF8-9"", ""D0059_LMMF9-10"", ""D0059_LPSF11-12"", ""D0068_LAI11-12"", ""D0068_LAI14-15"", ""D0068_LFPM7-8"", ""D0070_LFAI8-9"", ""D0070_LFAI9-10"", ""D0070_LIA7-8"", ""D0070_LIA8-9"", ""D0080_LAI13-14"", ""D0080_LFAM10-11"", ""D0080_LFAM8-9"", ""D0080_LFAM9-10"", ""D0080_LFMM7-8"", ""D0080_LFMM8-9"", ""D0080_LFMM9-10"", ""D0081_LFMM12-13"", ""D0081_LFMM13-14"", ""D0081_LFMM9-10"", ""D0103_LAI12-13"", ""D0103_LAI13-14"", ""D0103_LAI14-15"", ""D0103_LFAM13-14"", ""D0103_LFAM6-7"", ""D0103_LFAM7-8"", ""D0103_LFAM8-9"", ""D0103_LFAM9-10"", ""D0128_LFAM12-13"", ""D0129_LAI11-12"", ""D0129_LAI12-13"", ""D0129_LAI13-14"", ""D0129_LAI17-18"", ""D0129_LFAM10-11"", ""D0129_LFAM11-12"", ""D0129_LFAM12-13"", ""D0129_LFAM7-8"", ""D0129_LFAM8-9"", ""D0129_LFAM9-10"", ""D0137_LAI10-11"", ""D0137_LAI13-14"", ""D0137_LAI14-15"", ""D0138_LFAM11-12"", ""D0138_LFAM12-13"", ""D0138_LFOP14-15"", ""D0138_LFOP15-16"", ""D0139_LFAM10-11"", ""D0139_LFAM11-12"", ""D0139_LFAM12-13"", ""D0139_LFAM13-14"", ""D0139_LFAM14-15"", ""D0139_LFAM6-10"", ""D0139_LIA14-15""]"
/cwork/ns458/BIDS-1.0_LexicalDecRepDelay/BIDS/derivatives/decoding(bipolar)/sub-MFGl/lexicality/sub-MFGl_task-LexicalDelay_proc-Go_desc-Decision_highgamma.h5,LexicalDelay,MFGl,Go,Decision,168,51,320,84,"{""Nonword"": 84, ""Word"": 84}",12,128,-1.0,1.4921875,epoch(band)(zscore)+sig_union,decision_repeat_union_same_phase,,0,"[""D0035_LMIF10-11"", ""D0035_LMIF9-10"", ""D0044_LI15-16"", ""D0053_LAIF10-11"", ""D0053_LPI11-12"", ""D0053_LPI12-13"", ""D0053_LPI13-14"", ""D0059_LMMF9-10"", ""D0059_LPSF11-12"", ""D0059_LPSF12-13"", ""D0059_LPSF13-14"", ""D0059_LPSF14-15"", ""D0068_LAI14-15"", ""D0068_LFPM6-7"", ""D0068_LFPM7-8"", ""D0070_LIA8-9"", ""D0080_LAI13-14"", ""D0080_LFAM10-11"", ""D0080_LFAM8-9"", ""D0080_LFAM9-10"", ""D0080_LFMM7-8"", ""D0080_LFMM8-9"", ""D0080_LFMM9-10"", ""D0081_LFMM12-13"", ""D0081_LFMM13-14"", ""D0081_LFMM9-10"", ""D0103_LAI12-13"", ""D0103_LAI13-14"", ""D0103_LAI14-15"", ""D0103_LFAM6-7"", ""D0103_LFAM7-8"", ""D0103_LFAM8-9"", ""D0103_LFAM9-10"", ""D0129_LAI11-12"", ""D0129_LAI12-13"", ""D0129_LAI13-14"", ""D0129_LAI17-18"", ""D0129_LFAM10-11"", ""D0129_LFAM11-12"", ""D0129_LFAM8-9"", ""D0129_LFAM9-10"", ""D0137_LAI10-11"", ""D0137_LAI14-15"", ""D0137_LAI16-17"", ""D0139_LFAM10-11"", ""D0139_LFAM11-12"", ""D0139_LFAM12-13"", ""D0139_LFAM13-14"", ""D0139_LFAM14-15"", ""D0139_LIA13-14"", ""D0139_LIA14-15""]"
/cwork/ns458/BIDS-1.0_LexicalDecRepDelay/BIDS/derivatives/decoding(bipolar)/sub-MFGl/lexicality/sub-MFGl_task-LexicalDelay_proc-Go_desc-Repeat_highgamma.h5,LexicalDelay,MFGl,Go,Repeat,168,51,320,84,"{""Nonword"": 84, ""Word"": 84}",12,128,-1.0,1.4921875,epoch(band)(zscore)+sig_union,decision_repeat_union_same_phase,,0,"[""D0035_LMIF10-11"", ""D0035_LMIF9-10"", ""D0044_LI15-16"", ""D0053_LAIF10-11"", ""D0053_LPI11-12"", ""D0053_LPI12-13"", ""D0053_LPI13-14"", ""D0059_LMMF9-10"", ""D0059_LPSF11-12"", ""D0059_LPSF12-13"", ""D0059_LPSF13-14"", ""D0059_LPSF14-15"", ""D0068_LAI14-15"", ""D0068_LFPM6-7"", ""D0068_LFPM7-8"", ""D0070_LIA8-9"", ""D0080_LAI13-14"", ""D0080_LFAM10-11"", ""D0080_LFAM8-9"", ""D0080_LFAM9-10"", ""D0080_LFMM7-8"", ""D0080_LFMM8-9"", ""D0080_LFMM9-10"", ""D0081_LFMM12-13"", ""D0081_LFMM13-14"", ""D0081_LFMM9-10"", ""D0103_LAI12-13"", ""D0103_LAI13-14"", ""D0103_LAI14-15"", ""D0103_LFAM6-7"", ""D0103_LFAM7-8"", ""D0103_LFAM8-9"", ""D0103_LFAM9-10"", ""D0129_LAI11-12"", ""D0129_LAI12-13"", ""D0129_LAI13-14"", ""D0129_LAI17-18"", ""D0129_LFAM10-11"", ""D0129_LFAM11-12"", ""D0129_LFAM8-9"", ""D0129_LFAM9-10"", ""D0137_LAI10-11"", ""D0137_LAI14-15"", ""D0137_LAI16-17"", ""D0139_LFAM10-11"", ""D0139_LFAM11-12"", ""D0139_LFAM12-13"", ""D0139_LFAM13-14"", ""D0139_LFAM14-15"", ""D0139_LIA13-14"", ""D0139_LIA14-15""]"
/cwork/ns458/BIDS-1.0_LexicalDecRepDelay/BIDS/derivatives/decoding(bipolar)/sub-MFGl/lexicality/sub-MFGl_task-LexicalDelay_proc-Response_desc-Decision_highgamma.h5,LexicalDelay,MFGl,Response,Decision,168,58,320,84,"{""Nonword"": 84, ""Word"": 84}",13,128,-1.0,1.4921875,epoch(band)(zscore)+sig_union,decision_repeat_union_same_phase,,0,"[""D0035_LAI10-11"", ""D0035_LAI14-15"", ""D0035_LAI15-16"", ""D0035_LMIF10-11"", ""D0035_LMIF9-10"", ""D0038_LI13-14"", ""D0044_LI15-16"", ""D0053_LAIF10-11"", ""D0053_LPI11-12"", ""D0053_LPI12-13"", ""D0053_LPI13-14"", ""D0059_LPSF11-12"", ""D0059_LPSF12-13"", ""D0059_LPSF13-14"", ""D0068_LAI14-15"", ""D0068_LFPM6-7"", ""D0068_LFPM7-8"", ""D0080_LAI13-14"", ""D0080_LFAM10-11"", ""D0080_LFAM11-12"", ""D0080_LFAM8-9"", ""D0080_LFAM9-10"", ""D0080_LFMM7-8"", ""D0080_LFMM8-9"", ""D0080_LFMM9-10"", ""D0081_LFMM12-13"", ""D0081_LFMM13-14"", ""D0081_LFMM9-10"", ""D0103_LAI12-13"", ""D0103_LAI13-14"", ""D0103_LAI14-15"", ""D0103_LFAM14-15"", ""D0103_LFAM6-7"", ""D0103_LFAM7-8"", ""D0103_LFAM8-9"", ""D0103_LFAM9-10"", ""D0129_LAI11-12"", ""D0129_LAI12-13"", ""D0129_LAI13-14"", ""D0129_LAI17-18"", ""D0129_LFAM10-11"", ""D0129_LFAM11-12"", ""D0129_LFAM8-9"", ""D0129_LFAM9-10"", ""D0137_LAI10-11"", ""D0137_LAI14-15"", ""D0137_LAI15-16"", ""D0137_LAI16-17"", ""D0138_LAI8-9"", ""D0138_LFAM12-13"", ""D0139_LFAM10-11"", ""D0139_LFAM11-12"", ""D0139_LFAM12-13"", ""D0139_LFAM13-14"", ""D0139_LFAM14-15"", ""D0139_LFAM6-10"", ""D0139_LIA13-14"", ""D0139_LIA14-15""]"
/cwork/ns458/BIDS-1.0_LexicalDecRepDelay/BIDS/derivatives/decoding(bipolar)/sub-MFGl/lexicality/sub-MFGl_task-LexicalDelay_proc-Response_desc-Repeat_highgamma.h5,LexicalDelay,MFGl,Response,Repeat,168,58,320,84,"{""Nonword"": 84, ""Word"": 84}",13,128,-1.0,1.4921875,epoch(band)(zscore)+sig_union,decision_repeat_union_same_phase,,0,"[""D0035_LAI10-11"", ""D0035_LAI14-15"", ""D0035_LAI15-16"", ""D0035_LMIF10-11"", ""D0035_LMIF9-10"", ""D0038_LI13-14"", ""D0044_LI15-16"", ""D0053_LAIF10-11"", ""D0053_LPI11-12"", ""D0053_LPI12-13"", ""D0053_LPI13-14"", ""D0059_LPSF11-12"", ""D0059_LPSF12-13"", ""D0059_LPSF13-14"", ""D0068_LAI14-15"", ""D0068_LFPM6-7"", ""D0068_LFPM7-8"", ""D0080_LAI13-14"", ""D0080_LFAM10-11"", ""D0080_LFAM11-12"", ""D0080_LFAM8-9"", ""D0080_LFAM9-10"", ""D0080_LFMM7-8"", ""D0080_LFMM8-9"", ""D0080_LFMM9-10"", ""D0081_LFMM12-13"", ""D0081_LFMM13-14"", ""D0081_LFMM9-10"", ""D0103_LAI12-13"", ""D0103_LAI13-14"", ""D0103_LAI14-15"", ""D0103_LFAM14-15"", ""D0103_LFAM6-7"", ""D0103_LFAM7-8"", ""D0103_LFAM8-9"", ""D0103_LFAM9-10"", ""D0129_LAI11-12"", ""D0129_LAI12-13"", ""D0129_LAI13-14"", ""D0129_LAI17-18"", ""D0129_LFAM10-11"", ""D0129_LFAM11-12"", ""D0129_LFAM8-9"", ""D0129_LFAM9-10"", ""D0137_LAI10-11"", ""D0137_LAI14-15"", ""D0137_LAI15-16"", ""D0137_LAI16-17"", ""D0138_LAI8-9"", ""D0138_LFAM12-13"", ""D0139_LFAM10-11"", ""D0139_LFAM11-12"", ""D0139_LFAM12-13"", ""D0139_LFAM13-14"", ""D0139_LFAM14-15"", ""D0139_LFAM6-10"", ""D0139_LIA13-14"", ""D0139_LIA14-15""]"
/cwork/ns458/BIDS-1.0_LexicalDecRepDelay/BIDS/derivatives/decoding(bipolar)/sub-MFGl/lexicality/sub-MFGl_task-LexicalDelay_proc-Stimulus_desc-Decision_highgamma.h5,LexicalDelay,MFGl,Stimulus,Decision,168,58,320,84,"{""Nonword"": 84, ""Word"": 84}",16,128,-1.0,1.4921875,epoch(band)(zscore)+sig_union,decision_repeat_union_same_phase,,0,"[""D0035_LMIF10-11"", ""D0035_LMIF9-10"", ""D0038_LI13-14"", ""D0038_LI14-15"", ""D0044_LI15-16"", ""D0053_LPI11-12"", ""D0053_LPI12-13"", ""D0053_LPI13-14"", ""D0059_LMMF11-12"", ""D0059_LMMF9-10"", ""D0059_LPSF11-12"", ""D0059_LPSF12-13"", ""D0059_LPSF13-14"", ""D0059_LPSF14-15"", ""D0068_LAI14-15"", ""D0068_LFPM7-8"", ""D0070_LIA9-10"", ""D0079_LFAM13-14"", ""D0079_LFAM7-8"", ""D0079_LFMM10-11"", ""D0080_LAI13-14"", ""D0080_LFAM10-11"", ""D0080_LFAM8-9"", ""D0080_LFAM9-10"", ""D0080_LFMM7-8"", ""D0080_LFMM8-9"", ""D0080_LFMM9-10"", ""D0081_LFMM12-13"", ""D0081_LFMM13-14"", ""D0081_LFMM9-10"", ""D0096_LFPS12-13"", ""D0096_LFPS7-8"", ""D0103_LAI12-13"", ""D0103_LAI13-14"", ""D0103_LAI14-15"", ""D0103_LFAM13-14"", ""D0103_LFAM6-7"", ""D0103_LFAM7-8"", ""D0103_LFAM8-9"", ""D0129_LAI11-12"", ""D0129_LAI12-13"", ""D0129_LAI13-14"", ""D0129_LAI17-18"", ""D0129_LFAM10-11"", ""D0129_LFAM11-12"", ""D0129_LFAM12-13"", ""D0129_LFAM8-9"", ""D0129_LFAM9-10"", ""D0137_LAI10-11"", ""D0138_LFAM12-13"", ""D0138_LFOP14-15"", ""D0138_LFOP15-16"", ""D0139_LFAM10-11"", ""D0139_LFAM11-12"", ""D0139_LFAM12-13"", ""D0139_LFAM13-14"", ""D0139_LFAM14-15"", ""D0139_LFAM6-10""]"
/cwork/ns458/BIDS-1.0_LexicalDecRepDelay/BIDS/derivatives/decoding(bipolar)/sub-MFGl/lexicality/sub-MFGl_task-LexicalDelay_proc-Stimulus_desc-Repeat_highgamma.h5,LexicalDelay,MFGl,Stimulus,Repeat,168,58,320,84,"{""Nonword"": 84, ""Word"": 84}",16,128,-1.0,1.4921875,epoch(band)(zscore)+sig_union,decision_repeat_union_same_phase,,0,"[""D0035_LMIF10-11"", ""D0035_LMIF9-10"", ""D0038_LI13-14"", ""D0038_LI14-15"", ""D0044_LI15-16"", ""D0053_LPI11-12"", ""D0053_LPI12-13"", ""D0053_LPI13-14"", ""D0059_LMMF11-12"", ""D0059_LMMF9-10"", ""D0059_LPSF11-12"", ""D0059_LPSF12-13"", ""D0059_LPSF13-14"", ""D0059_LPSF14-15"", ""D0068_LAI14-15"", ""D0068_LFPM7-8"", ""D0070_LIA9-10"", ""D0079_LFAM13-14"", ""D0079_LFAM7-8"", ""D0079_LFMM10-11"", ""D0080_LAI13-14"", ""D0080_LFAM10-11"", ""D0080_LFAM8-9"", ""D0080_LFAM9-10"", ""D0080_LFMM7-8"", ""D0080_LFMM8-9"", ""D0080_LFMM9-10"", ""D0081_LFMM12-13"", ""D0081_LFMM13-14"", ""D0081_LFMM9-10"", ""D0096_LFPS12-13"", ""D0096_LFPS7-8"", ""D0103_LAI12-13"", ""D0103_LAI13-14"", ""D0103_LAI14-15"", ""D0103_LFAM13-14"", ""D0103_LFAM6-7"", ""D0103_LFAM7-8"", ""D0103_LFAM8-9"", ""D0129_LAI11-12"", ""D0129_LAI12-13"", ""D0129_LAI13-14"", ""D0129_LAI17-18"", ""D0129_LFAM10-11"", ""D0129_LFAM11-12"", ""D0129_LFAM12-13"", ""D0129_LFAM8-9"", ""D0129_LFAM9-10"", ""D0137_LAI10-11"", ""D0138_LFAM12-13"", ""D0138_LFOP14-15"", ""D0138_LFOP15-16"", ""D0139_LFAM10-11"", ""D0139_LFAM11-12"", ""D0139_LFAM12-13"", ""D0139_LFAM13-14"", ""D0139_LFAM14-15"", ""D0139_LFAM6-10""]"
