path,task,subject,phase,sfreq,n_perm,n_folds_requested,inner_folds_requested,random_state,rt_min_s,window_requested_s,step_requested_s,outer_cv,permutation,n_channels,n_windows,n_trials,n_items,n_outer_folds_actual,recording_counts,window_first_start,window_first_end,window_last_end,actual_step_s,incorrect_target_events
/hpc/group/coganlab/nanlinshi/insula-functional/results/rt/task-LexicalDelay/sub-D0023/sub-D0023_task-LexicalDelay_proc-Delay_desc-Repeat_rt-ridge.h5,LexicalDelay,D0023,Delay,128.0,1000,10,5,42,0.05,0.2,0.02,shuffled_group_kfold_by_item,unrestricted_training_rt_shuffle,1,99,154,154,10,"{""default"": 154}",-1.0,-0.8046875,1.4921875,0.0234375,0
/hpc/group/coganlab/nanlinshi/insula-functional/results/rt/task-LexicalDelay/sub-D0023/sub-D0023_task-LexicalDelay_proc-Go_desc-Repeat_rt-ridge.h5,LexicalDelay,D0023,Go,128.0,1000,10,5,42,0.05,0.2,0.02,shuffled_group_kfold_by_item,unrestricted_training_rt_shuffle,1,99,154,154,10,"{""default"": 154}",-1.0,-0.8046875,1.4921875,0.0234375,0
/hpc/group/coganlab/nanlinshi/insula-functional/results/rt/task-LexicalDelay/sub-D0023/sub-D0023_task-LexicalDelay_proc-Response_desc-Repeat_rt-ridge.h5,LexicalDelay,D0023,Response,128.0,1000,10,5,42,0.05,0.2,0.02,shuffled_group_kfold_by_item,unrestricted_training_rt_shuffle,1,99,154,154,10,"{""default"": 154}",-1.0,-0.8046875,1.4921875,0.0234375,0
/hpc/group/coganlab/nanlinshi/insula-functional/results/rt/task-LexicalDelay/sub-D0027/sub-D0027_task-LexicalDelay_proc-Delay_desc-Repeat_rt-ridge.h5,LexicalDelay,D0027,Delay,128.0,1000,10,5,42,0.05,0.2,0.02,shuffled_group_kfold_by_item,unrestricted_training_rt_shuffle,4,99,134,82,10,"{""default"": 134}",-1.0,-0.8046875,1.4921875,0.0234375,0
/hpc/group/coganlab/nanlinshi/insula-functional/results/rt/task-LexicalDelay/sub-D0027/sub-D0027_task-LexicalDelay_proc-Go_desc-Repeat_rt-ridge.h5,LexicalDelay,D0027,Go,128.0,1000,10,5,42,0.05,0.2,0.02,shuffled_group_kfold_by_item,unrestricted_training_rt_shuffle,4,99,134,82,10,"{""default"": 134}",-1.0,-0.8046875,1.4921875,0.0234375,0
/hpc/group/coganlab/nanlinshi/insula-functional/results/rt/task-LexicalDelay/sub-D0027/sub-D0027_task-LexicalDelay_proc-Response_desc-Repeat_rt-ridge.h5,LexicalDelay,D0027,Response,128.0,1000,10,5,42,0.05,0.2,0.02,shuffled_group_kfold_by_item,unrestricted_training_rt_shuffle,4,99,134,82,10,"{""default"": 134}",-1.0,-0.8046875,1.4921875,0.0234375,0
/hpc/group/coganlab/nanlinshi/insula-functional/results/rt/task-LexicalDelay/sub-D0028/sub-D0028_task-LexicalDelay_proc-Delay_desc-Repeat_rt-ridge.h5,LexicalDelay,D0028,Delay,128.0,1000,10,5,42,0.05,0.2,0.02,shuffled_group_kfold_by_item,unrestricted_training_rt_shuffle,6,99,139,84,10,"{""default"": 139}",-1.0,-0.8046875,1.4921875,0.0234375,0
/hpc/group/coganlab/nanlinshi/insula-functional/results/rt/task-LexicalDelay/sub-D0028/sub-D0028_task-LexicalDelay_proc-Go_desc-Repeat_rt-ridge.h5,LexicalDelay,D0028,Go,128.0,1000,10,5,42,0.05,0.2,0.02,shuffled_group_kfold_by_item,unrestricted_training_rt_shuffle,6,99,139,84,10,"{""default"": 139}",-1.0,-0.8046875,1.4921875,0.0234375,0
/hpc/group/coganlab/nanlinshi/insula-functional/results/rt/task-LexicalDelay/sub-D0028/sub-D0028_task-LexicalDelay_proc-Response_desc-Repeat_rt-ridge.h5,LexicalDelay,D0028,Response,128.0,1000,10,5,42,0.05,0.2,0.02,shuffled_group_kfold_by_item,unrestricted_training_rt_shuffle,6,99,139,84,10,"{""default"": 139}",-1.0,-0.8046875,1.4921875,0.0234375,0
/hpc/group/coganlab/nanlinshi/insula-functional/results/rt/task-LexicalDelay/sub-D0032/sub-D0032_task-LexicalDelay_proc-Delay_desc-Repeat_rt-ridge.h5,LexicalDelay,D0032,Delay,128.0,1000,10,5,42,0.05,0.2,0.02,shuffled_group_kfold_by_item,unrestricted_training_rt_shuffle,6,99,150,84,10,"{""default"": 150}",-1.0,-0.8046875,1.4921875,0.0234375,0
/hpc/group/coganlab/nanlinshi/insula-functional/results/rt/task-LexicalDelay/sub-D0032/sub-D0032_task-LexicalDelay_proc-Go_desc-Repeat_rt-ridge.h5,LexicalDelay,D0032,Go,128.0,1000,10,5,42,0.05,0.2,0.02,shuffled_group_kfold_by_item,unrestricted_training_rt_shuffle,6,99,150,84,10,"{""default"": 150}",-1.0,-0.8046875,1.4921875,0.0234375,0
/hpc/group/coganlab/nanlinshi/insula-functional/results/rt/task-LexicalDelay/sub-D0032/sub-D0032_task-LexicalDelay_proc-Response_desc-Repeat_rt-ridge.h5,LexicalDelay,D0032,Response,128.0,1000,10,5,42,0.05,0.2,0.02,shuffled_group_kfold_by_item,unrestricted_training_rt_shuffle,6,99,150,84,10,"{""default"": 150}",-1.0,-0.8046875,1.4921875,0.0234375,0
/hpc/group/coganlab/nanlinshi/insula-functional/results/rt/task-LexicalDelay/sub-D0035/sub-D0035_task-LexicalDelay_proc-Delay_desc-Repeat_rt-ridge.h5,LexicalDelay,D0035,Delay,128.0,1000,10,5,42,0.05,0.2,0.02,shuffled_group_kfold_by_item,unrestricted_training_rt_shuffle,6,99,157,84,10,"{""default"": 157}",-1.0,-0.8046875,1.4921875,0.0234375,0
/hpc/group/coganlab/nanlinshi/insula-functional/results/rt/task-LexicalDelay/sub-D0035/sub-D0035_task-LexicalDelay_proc-Go_desc-Repeat_rt-ridge.h5,LexicalDelay,D0035,Go,128.0,1000,10,5,42,0.05,0.2,0.02,shuffled_group_kfold_by_item,unrestricted_training_rt_shuffle,6,99,157,84,10,"{""default"": 157}",-1.0,-0.8046875,1.4921875,0.0234375,0
/hpc/group/coganlab/nanlinshi/insula-functional/results/rt/task-LexicalDelay/sub-D0035/sub-D0035_task-LexicalDelay_proc-Response_desc-Repeat_rt-ridge.h5,LexicalDelay,D0035,Response,128.0,1000,10,5,42,0.05,0.2,0.02,shuffled_group_kfold_by_item,unrestricted_training_rt_shuffle,6,99,157,84,10,"{""default"": 157}",-1.0,-0.8046875,1.4921875,0.0234375,0
/hpc/group/coganlab/nanlinshi/insula-functional/results/rt/task-LexicalDelay/sub-D0038/sub-D0038_task-LexicalDelay_proc-Delay_desc-Repeat_rt-ridge.h5,LexicalDelay,D0038,Delay,128.0,1000,10,5,42,0.05,0.2,0.02,shuffled_group_kfold_by_item,unrestricted_training_rt_shuffle,6,99,160,83,10,"{""default"": 160}",-1.0,-0.8046875,1.4921875,0.0234375,0
/hpc/group/coganlab/nanlinshi/insula-functional/results/rt/task-LexicalDelay/sub-D0038/sub-D0038_task-LexicalDelay_proc-Go_desc-Repeat_rt-ridge.h5,LexicalDelay,D0038,Go,128.0,1000,10,5,42,0.05,0.2,0.02,shuffled_group_kfold_by_item,unrestricted_training_rt_shuffle,6,99,160,83,10,"{""default"": 160}",-1.0,-0.8046875,1.4921875,0.0234375,0
/hpc/group/coganlab/nanlinshi/insula-functional/results/rt/task-LexicalDelay/sub-D0038/sub-D0038_task-LexicalDelay_proc-Response_desc-Repeat_rt-ridge.h5,LexicalDelay,D0038,Response,128.0,1000,10,5,42,0.05,0.2,0.02,shuffled_group_kfold_by_item,unrestricted_training_rt_shuffle,6,99,160,83,10,"{""default"": 160}",-1.0,-0.8046875,1.4921875,0.0234375,0
/hpc/group/coganlab/nanlinshi/insula-functional/results/rt/task-LexicalDelay/sub-D0044/sub-D0044_task-LexicalDelay_proc-Delay_desc-Repeat_rt-ridge.h5,LexicalDelay,D0044,Delay,128.0,1000,10,5,42,0.05,0.2,0.02,shuffled_group_kfold_by_item,unrestricted_training_rt_shuffle,8,99,162,84,10,"{""default"": 162}",-1.0,-0.8046875,1.4921875,0.0234375,0
/hpc/group/coganlab/nanlinshi/insula-functional/results/rt/task-LexicalDelay/sub-D0044/sub-D0044_task-LexicalDelay_proc-Go_desc-Repeat_rt-ridge.h5,LexicalDelay,D0044,Go,128.0,1000,10,5,42,0.05,0.2,0.02,shuffled_group_kfold_by_item,unrestricted_training_rt_shuffle,8,99,162,84,10,"{""default"": 162}",-1.0,-0.8046875,1.4921875,0.0234375,0
/hpc/group/coganlab/nanlinshi/insula-functional/results/rt/task-LexicalDelay/sub-D0044/sub-D0044_task-LexicalDelay_proc-Response_desc-Repeat_rt-ridge.h5,LexicalDelay,D0044,Response,128.0,1000,10,5,42,0.05,0.2,0.02,shuffled_group_kfold_by_item,unrestricted_training_rt_shuffle,8,99,162,84,10,"{""default"": 162}",-1.0,-0.8046875,1.4921875,0.0234375,0
/hpc/group/coganlab/nanlinshi/insula-functional/results/rt/task-LexicalDelay/sub-D0047/sub-D0047_task-LexicalDelay_proc-Delay_desc-Repeat_rt-ridge.h5,LexicalDelay,D0047,Delay,128.0,1000,10,5,42,0.05,0.2,0.02,shuffled_group_kfold_by_item,unrestricted_training_rt_shuffle,7,99,165,84,10,"{""default"": 165}",-1.0,-0.8046875,1.4921875,0.0234375,0
/hpc/group/coganlab/nanlinshi/insula-functional/results/rt/task-LexicalDelay/sub-D0047/sub-D0047_task-LexicalDelay_proc-Go_desc-Repeat_rt-ridge.h5,LexicalDelay,D0047,Go,128.0,1000,10,5,42,0.05,0.2,0.02,shuffled_group_kfold_by_item,unrestricted_training_rt_shuffle,7,99,165,84,10,"{""default"": 165}",-1.0,-0.8046875,1.4921875,0.0234375,0
/hpc/group/coganlab/nanlinshi/insula-functional/results/rt/task-LexicalDelay/sub-D0047/sub-D0047_task-LexicalDelay_proc-Response_desc-Repeat_rt-ridge.h5,LexicalDelay,D0047,Response,128.0,1000,10,5,42,0.05,0.2,0.02,shuffled_group_kfold_by_item,unrestricted_training_rt_shuffle,7,99,165,84,10,"{""default"": 165}",-1.0,-0.8046875,1.4921875,0.0234375,0
/hpc/group/coganlab/nanlinshi/insula-functional/results/rt/task-LexicalDelay/sub-D0053/sub-D0053_task-LexicalDelay_proc-Delay_desc-Repeat_rt-ridge.h5,LexicalDelay,D0053,Delay,128.0,1000,10,5,42,0.05,0.2,0.02,shuffled_group_kfold_by_item,unrestricted_training_rt_shuffle,7,99,158,84,10,"{""default"": 158}",-1.0,-0.8046875,1.4921875,0.0234375,0
/hpc/group/coganlab/nanlinshi/insula-functional/results/rt/task-LexicalDelay/sub-D0053/sub-D0053_task-LexicalDelay_proc-Go_desc-Repeat_rt-ridge.h5,LexicalDelay,D0053,Go,128.0,1000,10,5,42,0.05,0.2,0.02,shuffled_group_kfold_by_item,unrestricted_training_rt_shuffle,7,99,158,84,10,"{""default"": 158}",-1.0,-0.8046875,1.4921875,0.0234375,0
/hpc/group/coganlab/nanlinshi/insula-functional/results/rt/task-LexicalDelay/sub-D0053/sub-D0053_task-LexicalDelay_proc-Response_desc-Repeat_rt-ridge.h5,LexicalDelay,D0053,Response,128.0,1000,10,5,42,0.05,0.2,0.02,shuffled_group_kfold_by_item,unrestricted_training_rt_shuffle,7,99,158,84,10,"{""default"": 158}",-1.0,-0.8046875,1.4921875,0.0234375,0
/hpc/group/coganlab/nanlinshi/insula-functional/results/rt/task-LexicalDelay/sub-D0054/sub-D0054_task-LexicalDelay_proc-Delay_desc-Repeat_rt-ridge.h5,LexicalDelay,D0054,Delay,128.0,1000,10,5,42,0.05,0.2,0.02,shuffled_group_kfold_by_item,unrestricted_training_rt_shuffle,4,99,123,77,10,"{""default"": 123}",-1.0,-0.8046875,1.4921875,0.0234375,0
/hpc/group/coganlab/nanlinshi/insula-functional/results/rt/task-LexicalDelay/sub-D0054/sub-D0054_task-LexicalDelay_proc-Go_desc-Repeat_rt-ridge.h5,LexicalDelay,D0054,Go,128.0,1000,10,5,42,0.05,0.2,0.02,shuffled_group_kfold_by_item,unrestricted_training_rt_shuffle,4,99,123,77,10,"{""default"": 123}",-1.0,-0.8046875,1.4921875,0.0234375,0
/hpc/group/coganlab/nanlinshi/insula-functional/results/rt/task-LexicalDelay/sub-D0054/sub-D0054_task-LexicalDelay_proc-Response_desc-Repeat_rt-ridge.h5,LexicalDelay,D0054,Response,128.0,1000,10,5,42,0.05,0.2,0.02,shuffled_group_kfold_by_item,unrestricted_training_rt_shuffle,4,99,123,77,10,"{""default"": 123}",-1.0,-0.8046875,1.4921875,0.0234375,0
/hpc/group/coganlab/nanlinshi/insula-functional/results/rt/task-LexicalDelay/sub-D0055/sub-D0055_task-LexicalDelay_proc-Delay_desc-Repeat_rt-ridge.h5,LexicalDelay,D0055,Delay,128.0,1000,10,5,42,0.05,0.2,0.02,shuffled_group_kfold_by_item,unrestricted_training_rt_shuffle,11,99,160,84,10,"{""default"": 160}",-1.0,-0.8046875,1.4921875,0.0234375,0
/hpc/group/coganlab/nanlinshi/insula-functional/results/rt/task-LexicalDelay/sub-D0055/sub-D0055_task-LexicalDelay_proc-Go_desc-Repeat_rt-ridge.h5,LexicalDelay,D0055,Go,128.0,1000,10,5,42,0.05,0.2,0.02,shuffled_group_kfold_by_item,unrestricted_training_rt_shuffle,11,99,160,84,10,"{""default"": 160}",-1.0,-0.8046875,1.4921875,0.0234375,0
/hpc/group/coganlab/nanlinshi/insula-functional/results/rt/task-LexicalDelay/sub-D0055/sub-D0055_task-LexicalDelay_proc-Response_desc-Repeat_rt-ridge.h5,LexicalDelay,D0055,Response,128.0,1000,10,5,42,0.05,0.2,0.02,shuffled_group_kfold_by_item,unrestricted_training_rt_shuffle,11,99,160,84,10,"{""default"": 160}",-1.0,-0.8046875,1.4921875,0.0234375,0
/hpc/group/coganlab/nanlinshi/insula-functional/results/rt/task-LexicalDelay/sub-D0057/sub-D0057_task-LexicalDelay_proc-Delay_desc-Repeat_rt-ridge.h5,LexicalDelay,D0057,Delay,128.0,1000,10,5,42,0.05,0.2,0.02,shuffled_group_kfold_by_item,unrestricted_training_rt_shuffle,7,99,160,84,10,"{""default"": 160}",-1.0,-0.8046875,1.4921875,0.0234375,0
/hpc/group/coganlab/nanlinshi/insula-functional/results/rt/task-LexicalDelay/sub-D0057/sub-D0057_task-LexicalDelay_proc-Go_desc-Repeat_rt-ridge.h5,LexicalDelay,D0057,Go,128.0,1000,10,5,42,0.05,0.2,0.02,shuffled_group_kfold_by_item,unrestricted_training_rt_shuffle,7,99,160,84,10,"{""default"": 160}",-1.0,-0.8046875,1.4921875,0.0234375,0
/hpc/group/coganlab/nanlinshi/insula-functional/results/rt/task-LexicalDelay/sub-D0057/sub-D0057_task-LexicalDelay_proc-Response_desc-Repeat_rt-ridge.h5,LexicalDelay,D0057,Response,128.0,1000,10,5,42,0.05,0.2,0.02,shuffled_group_kfold_by_item,unrestricted_training_rt_shuffle,7,99,160,84,10,"{""default"": 160}",-1.0,-0.8046875,1.4921875,0.0234375,0
/hpc/group/coganlab/nanlinshi/insula-functional/results/rt/task-LexicalDelay/sub-D0059/sub-D0059_task-LexicalDelay_proc-Delay_desc-Repeat_rt-ridge.h5,LexicalDelay,D0059,Delay,128.0,1000,10,5,42,0.05,0.2,0.02,shuffled_group_kfold_by_item,unrestricted_training_rt_shuffle,5,99,163,84,10,"{""default"": 163}",-1.0,-0.8046875,1.4921875,0.0234375,0
/hpc/group/coganlab/nanlinshi/insula-functional/results/rt/task-LexicalDelay/sub-D0059/sub-D0059_task-LexicalDelay_proc-Go_desc-Repeat_rt-ridge.h5,LexicalDelay,D0059,Go,128.0,1000,10,5,42,0.05,0.2,0.02,shuffled_group_kfold_by_item,unrestricted_training_rt_shuffle,5,99,163,84,10,"{""default"": 163}",-1.0,-0.8046875,1.4921875,0.0234375,0
/hpc/group/coganlab/nanlinshi/insula-functional/results/rt/task-LexicalDelay/sub-D0059/sub-D0059_task-LexicalDelay_proc-Response_desc-Repeat_rt-ridge.h5,LexicalDelay,D0059,Response,128.0,1000,10,5,42,0.05,0.2,0.02,shuffled_group_kfold_by_item,unrestricted_training_rt_shuffle,5,99,163,84,10,"{""default"": 163}",-1.0,-0.8046875,1.4921875,0.0234375,0
/hpc/group/coganlab/nanlinshi/insula-functional/results/rt/task-LexicalDelay/sub-D0063/sub-D0063_task-LexicalDelay_proc-Delay_desc-Repeat_rt-ridge.h5,LexicalDelay,D0063,Delay,128.0,1000,10,5,42,0.05,0.2,0.02,shuffled_group_kfold_by_item,unrestricted_training_rt_shuffle,3,99,161,84,10,"{""default"": 161}",-1.0,-0.8046875,1.4921875,0.0234375,0
/hpc/group/coganlab/nanlinshi/insula-functional/results/rt/task-LexicalDelay/sub-D0063/sub-D0063_task-LexicalDelay_proc-Go_desc-Repeat_rt-ridge.h5,LexicalDelay,D0063,Go,128.0,1000,10,5,42,0.05,0.2,0.02,shuffled_group_kfold_by_item,unrestricted_training_rt_shuffle,3,99,161,84,10,"{""default"": 161}",-1.0,-0.8046875,1.4921875,0.0234375,0
/hpc/group/coganlab/nanlinshi/insula-functional/results/rt/task-LexicalDelay/sub-D0063/sub-D0063_task-LexicalDelay_proc-Response_desc-Repeat_rt-ridge.h5,LexicalDelay,D0063,Response,128.0,1000,10,5,42,0.05,0.2,0.02,shuffled_group_kfold_by_item,unrestricted_training_rt_shuffle,3,99,161,84,10,"{""default"": 161}",-1.0,-0.8046875,1.4921875,0.0234375,0
/hpc/group/coganlab/nanlinshi/insula-functional/results/rt/task-LexicalDelay/sub-D0065/sub-D0065_task-LexicalDelay_proc-Delay_desc-Repeat_rt-ridge.h5,LexicalDelay,D0065,Delay,128.0,1000,10,5,42,0.05,0.2,0.02,shuffled_group_kfold_by_item,unrestricted_training_rt_shuffle,5,99,134,80,10,"{""default"": 134}",-1.0,-0.8046875,1.4921875,0.0234375,0
/hpc/group/coganlab/nanlinshi/insula-functional/results/rt/task-LexicalDelay/sub-D0065/sub-D0065_task-LexicalDelay_proc-Go_desc-Repeat_rt-ridge.h5,LexicalDelay,D0065,Go,128.0,1000,10,5,42,0.05,0.2,0.02,shuffled_group_kfold_by_item,unrestricted_training_rt_shuffle,5,99,134,80,10,"{""default"": 134}",-1.0,-0.8046875,1.4921875,0.0234375,0
/hpc/group/coganlab/nanlinshi/insula-functional/results/rt/task-LexicalDelay/sub-D0065/sub-D0065_task-LexicalDelay_proc-Response_desc-Repeat_rt-ridge.h5,LexicalDelay,D0065,Response,128.0,1000,10,5,42,0.05,0.2,0.02,shuffled_group_kfold_by_item,unrestricted_training_rt_shuffle,5,99,134,80,10,"{""default"": 134}",-1.0,-0.8046875,1.4921875,0.0234375,0
/hpc/group/coganlab/nanlinshi/insula-functional/results/rt/task-LexicalDelay/sub-D0068/sub-D0068_task-LexicalDelay_proc-Delay_desc-Repeat_rt-ridge.h5,LexicalDelay,D0068,Delay,128.0,1000,10,5,42,0.05,0.2,0.02,shuffled_group_kfold_by_item,unrestricted_training_rt_shuffle,3,99,163,84,10,"{""default"": 163}",-1.0,-0.8046875,1.4921875,0.0234375,0
/hpc/group/coganlab/nanlinshi/insula-functional/results/rt/task-LexicalDelay/sub-D0068/sub-D0068_task-LexicalDelay_proc-Go_desc-Repeat_rt-ridge.h5,LexicalDelay,D0068,Go,128.0,1000,10,5,42,0.05,0.2,0.02,shuffled_group_kfold_by_item,unrestricted_training_rt_shuffle,3,99,163,84,10,"{""default"": 163}",-1.0,-0.8046875,1.4921875,0.0234375,0
/hpc/group/coganlab/nanlinshi/insula-functional/results/rt/task-LexicalDelay/sub-D0068/sub-D0068_task-LexicalDelay_proc-Response_desc-Repeat_rt-ridge.h5,LexicalDelay,D0068,Response,128.0,1000,10,5,42,0.05,0.2,0.02,shuffled_group_kfold_by_item,unrestricted_training_rt_shuffle,3,99,163,84,10,"{""default"": 163}",-1.0,-0.8046875,1.4921875,0.0234375,0
/hpc/group/coganlab/nanlinshi/insula-functional/results/rt/task-LexicalDelay/sub-D0070/sub-D0070_task-LexicalDelay_proc-Delay_desc-Repeat_rt-ridge.h5,LexicalDelay,D0070,Delay,128.0,1000,10,5,42,0.05,0.2,0.02,shuffled_group_kfold_by_item,unrestricted_training_rt_shuffle,3,99,152,83,10,"{""default"": 152}",-1.0,-0.8046875,1.4921875,0.0234375,0
/hpc/group/coganlab/nanlinshi/insula-functional/results/rt/task-LexicalDelay/sub-D0070/sub-D0070_task-LexicalDelay_proc-Go_desc-Repeat_rt-ridge.h5,LexicalDelay,D0070,Go,128.0,1000,10,5,42,0.05,0.2,0.02,shuffled_group_kfold_by_item,unrestricted_training_rt_shuffle,3,99,152,83,10,"{""default"": 152}",-1.0,-0.8046875,1.4921875,0.0234375,0
/hpc/group/coganlab/nanlinshi/insula-functional/results/rt/task-LexicalDelay/sub-D0070/sub-D0070_task-LexicalDelay_proc-Response_desc-Repeat_rt-ridge.h5,LexicalDelay,D0070,Response,128.0,1000,10,5,42,0.05,0.2,0.02,shuffled_group_kfold_by_item,unrestricted_training_rt_shuffle,3,99,152,83,10,"{""default"": 152}",-1.0,-0.8046875,1.4921875,0.0234375,0
/hpc/group/coganlab/nanlinshi/insula-functional/results/rt/task-LexicalDelay/sub-D0071/sub-D0071_task-LexicalDelay_proc-Delay_desc-Repeat_rt-ridge.h5,LexicalDelay,D0071,Delay,128.0,1000,10,5,42,0.05,0.2,0.02,shuffled_group_kfold_by_item,unrestricted_training_rt_shuffle,7,99,163,84,10,"{""default"": 163}",-1.0,-0.8046875,1.4921875,0.0234375,0
/hpc/group/coganlab/nanlinshi/insula-functional/results/rt/task-LexicalDelay/sub-D0071/sub-D0071_task-LexicalDelay_proc-Go_desc-Repeat_rt-ridge.h5,LexicalDelay,D0071,Go,128.0,1000,10,5,42,0.05,0.2,0.02,shuffled_group_kfold_by_item,unrestricted_training_rt_shuffle,7,99,163,84,10,"{""default"": 163}",-1.0,-0.8046875,1.4921875,0.0234375,0
/hpc/group/coganlab/nanlinshi/insula-functional/results/rt/task-LexicalDelay/sub-D0071/sub-D0071_task-LexicalDelay_proc-Response_desc-Repeat_rt-ridge.h5,LexicalDelay,D0071,Response,128.0,1000,10,5,42,0.05,0.2,0.02,shuffled_group_kfold_by_item,unrestricted_training_rt_shuffle,7,99,163,84,10,"{""default"": 163}",-1.0,-0.8046875,1.4921875,0.0234375,0
/hpc/group/coganlab/nanlinshi/insula-functional/results/rt/task-LexicalDelay/sub-D0079/sub-D0079_task-LexicalDelay_proc-Delay_desc-Repeat_rt-ridge.h5,LexicalDelay,D0079,Delay,128.0,1000,10,5,42,0.05,0.2,0.02,shuffled_group_kfold_by_item,unrestricted_training_rt_shuffle,13,99,156,84,10,"{""default"": 156}",-1.0,-0.8046875,1.4921875,0.0234375,0
/hpc/group/coganlab/nanlinshi/insula-functional/results/rt/task-LexicalDelay/sub-D0079/sub-D0079_task-LexicalDelay_proc-Go_desc-Repeat_rt-ridge.h5,LexicalDelay,D0079,Go,128.0,1000,10,5,42,0.05,0.2,0.02,shuffled_group_kfold_by_item,unrestricted_training_rt_shuffle,13,99,156,84,10,"{""default"": 156}",-1.0,-0.8046875,1.4921875,0.0234375,0
/hpc/group/coganlab/nanlinshi/insula-functional/results/rt/task-LexicalDelay/sub-D0079/sub-D0079_task-LexicalDelay_proc-Response_desc-Repeat_rt-ridge.h5,LexicalDelay,D0079,Response,128.0,1000,10,5,42,0.05,0.2,0.02,shuffled_group_kfold_by_item,unrestricted_training_rt_shuffle,13,99,156,84,10,"{""default"": 156}",-1.0,-0.8046875,1.4921875,0.0234375,0
/hpc/group/coganlab/nanlinshi/insula-functional/results/rt/task-LexicalDelay/sub-D0080/sub-D0080_task-LexicalDelay_proc-Delay_desc-Repeat_rt-ridge.h5,LexicalDelay,D0080,Delay,128.0,1000,10,5,42,0.05,0.2,0.02,shuffled_group_kfold_by_item,unrestricted_training_rt_shuffle,5,99,168,84,10,"{""default"": 168}",-1.0,-0.8046875,1.4921875,0.0234375,0
/hpc/group/coganlab/nanlinshi/insula-functional/results/rt/task-LexicalDelay/sub-D0080/sub-D0080_task-LexicalDelay_proc-Go_desc-Repeat_rt-ridge.h5,LexicalDelay,D0080,Go,128.0,1000,10,5,42,0.05,0.2,0.02,shuffled_group_kfold_by_item,unrestricted_training_rt_shuffle,5,99,168,84,10,"{""default"": 168}",-1.0,-0.8046875,1.4921875,0.0234375,0
/hpc/group/coganlab/nanlinshi/insula-functional/results/rt/task-LexicalDelay/sub-D0080/sub-D0080_task-LexicalDelay_proc-Response_desc-Repeat_rt-ridge.h5,LexicalDelay,D0080,Response,128.0,1000,10,5,42,0.05,0.2,0.02,shuffled_group_kfold_by_item,unrestricted_training_rt_shuffle,5,99,168,84,10,"{""default"": 168}",-1.0,-0.8046875,1.4921875,0.0234375,0
/hpc/group/coganlab/nanlinshi/insula-functional/results/rt/task-LexicalDelay/sub-D0081/sub-D0081_task-LexicalDelay_proc-Delay_desc-Repeat_rt-ridge.h5,LexicalDelay,D0081,Delay,128.0,1000,10,5,42,0.05,0.2,0.02,shuffled_group_kfold_by_item,unrestricted_training_rt_shuffle,3,99,167,84,10,"{""default"": 167}",-1.0,-0.8046875,1.4921875,0.0234375,0
/hpc/group/coganlab/nanlinshi/insula-functional/results/rt/task-LexicalDelay/sub-D0081/sub-D0081_task-LexicalDelay_proc-Go_desc-Repeat_rt-ridge.h5,LexicalDelay,D0081,Go,128.0,1000,10,5,42,0.05,0.2,0.02,shuffled_group_kfold_by_item,unrestricted_training_rt_shuffle,3,99,167,84,10,"{""default"": 167}",-1.0,-0.8046875,1.4921875,0.0234375,0
/hpc/group/coganlab/nanlinshi/insula-functional/results/rt/task-LexicalDelay/sub-D0081/sub-D0081_task-LexicalDelay_proc-Response_desc-Repeat_rt-ridge.h5,LexicalDelay,D0081,Response,128.0,1000,10,5,42,0.05,0.2,0.02,shuffled_group_kfold_by_item,unrestricted_training_rt_shuffle,3,99,167,84,10,"{""default"": 167}",-1.0,-0.8046875,1.4921875,0.0234375,0
/hpc/group/coganlab/nanlinshi/insula-functional/results/rt/task-LexicalDelay/sub-D0084/sub-D0084_task-LexicalDelay_proc-Delay_desc-Repeat_rt-ridge.h5,LexicalDelay,D0084,Delay,128.0,1000,10,5,42,0.05,0.2,0.02,shuffled_group_kfold_by_item,unrestricted_training_rt_shuffle,6,99,146,83,10,"{""default"": 146}",-1.0,-0.8046875,1.4921875,0.0234375,0
/hpc/group/coganlab/nanlinshi/insula-functional/results/rt/task-LexicalDelay/sub-D0084/sub-D0084_task-LexicalDelay_proc-Go_desc-Repeat_rt-ridge.h5,LexicalDelay,D0084,Go,128.0,1000,10,5,42,0.05,0.2,0.02,shuffled_group_kfold_by_item,unrestricted_training_rt_shuffle,6,99,146,83,10,"{""default"": 146}",-1.0,-0.8046875,1.4921875,0.0234375,0
/hpc/group/coganlab/nanlinshi/insula-functional/results/rt/task-LexicalDelay/sub-D0084/sub-D0084_task-LexicalDelay_proc-Response_desc-Repeat_rt-ridge.h5,LexicalDelay,D0084,Response,128.0,1000,10,5,42,0.05,0.2,0.02,shuffled_group_kfold_by_item,unrestricted_training_rt_shuffle,6,99,146,83,10,"{""default"": 146}",-1.0,-0.8046875,1.4921875,0.0234375,0
/hpc/group/coganlab/nanlinshi/insula-functional/results/rt/task-LexicalDelay/sub-D0086/sub-D0086_task-LexicalDelay_proc-Delay_desc-Repeat_rt-ridge.h5,LexicalDelay,D0086,Delay,128.0,1000,10,5,42,0.05,0.2,0.02,shuffled_group_kfold_by_item,unrestricted_training_rt_shuffle,8,99,142,82,10,"{""default"": 142}",-1.0,-0.8046875,1.4921875,0.0234375,0
/hpc/group/coganlab/nanlinshi/insula-functional/results/rt/task-LexicalDelay/sub-D0086/sub-D0086_task-LexicalDelay_proc-Go_desc-Repeat_rt-ridge.h5,LexicalDelay,D0086,Go,128.0,1000,10,5,42,0.05,0.2,0.02,shuffled_group_kfold_by_item,unrestricted_training_rt_shuffle,8,99,142,82,10,"{""default"": 142}",-1.0,-0.8046875,1.4921875,0.0234375,0
/hpc/group/coganlab/nanlinshi/insula-functional/results/rt/task-LexicalDelay/sub-D0086/sub-D0086_task-LexicalDelay_proc-Response_desc-Repeat_rt-ridge.h5,LexicalDelay,D0086,Response,128.0,1000,10,5,42,0.05,0.2,0.02,shuffled_group_kfold_by_item,unrestricted_training_rt_shuffle,8,99,142,82,10,"{""default"": 142}",-1.0,-0.8046875,1.4921875,0.0234375,0
/hpc/group/coganlab/nanlinshi/insula-functional/results/rt/task-LexicalDelay/sub-D0090/sub-D0090_task-LexicalDelay_proc-Delay_desc-Repeat_rt-ridge.h5,LexicalDelay,D0090,Delay,128.0,1000,10,5,42,0.05,0.2,0.02,shuffled_group_kfold_by_item,unrestricted_training_rt_shuffle,10,99,139,82,10,"{""default"": 139}",-1.0,-0.8046875,1.4921875,0.0234375,0
/hpc/group/coganlab/nanlinshi/insula-functional/results/rt/task-LexicalDelay/sub-D0090/sub-D0090_task-LexicalDelay_proc-Go_desc-Repeat_rt-ridge.h5,LexicalDelay,D0090,Go,128.0,1000,10,5,42,0.05,0.2,0.02,shuffled_group_kfold_by_item,unrestricted_training_rt_shuffle,10,99,139,82,10,"{""default"": 139}",-1.0,-0.8046875,1.4921875,0.0234375,0
/hpc/group/coganlab/nanlinshi/insula-functional/results/rt/task-LexicalDelay/sub-D0090/sub-D0090_task-LexicalDelay_proc-Response_desc-Repeat_rt-ridge.h5,LexicalDelay,D0090,Response,128.0,1000,10,5,42,0.05,0.2,0.02,shuffled_group_kfold_by_item,unrestricted_training_rt_shuffle,10,99,139,82,10,"{""default"": 139}",-1.0,-0.8046875,1.4921875,0.0234375,0
/hpc/group/coganlab/nanlinshi/insula-functional/results/rt/task-LexicalDelay/sub-D0092/sub-D0092_task-LexicalDelay_proc-Delay_desc-Repeat_rt-ridge.h5,LexicalDelay,D0092,Delay,128.0,1000,10,5,42,0.05,0.2,0.02,shuffled_group_kfold_by_item,unrestricted_training_rt_shuffle,12,99,116,77,10,"{""default"": 116}",-1.0,-0.8046875,1.4921875,0.0234375,0
/hpc/group/coganlab/nanlinshi/insula-functional/results/rt/task-LexicalDelay/sub-D0092/sub-D0092_task-LexicalDelay_proc-Go_desc-Repeat_rt-ridge.h5,LexicalDelay,D0092,Go,128.0,1000,10,5,42,0.05,0.2,0.02,shuffled_group_kfold_by_item,unrestricted_training_rt_shuffle,12,99,116,77,10,"{""default"": 116}",-1.0,-0.8046875,1.4921875,0.0234375,0
/hpc/group/coganlab/nanlinshi/insula-functional/results/rt/task-LexicalDelay/sub-D0092/sub-D0092_task-LexicalDelay_proc-Response_desc-Repeat_rt-ridge.h5,LexicalDelay,D0092,Response,128.0,1000,10,5,42,0.05,0.2,0.02,shuffled_group_kfold_by_item,unrestricted_training_rt_shuffle,12,99,116,77,10,"{""default"": 116}",-1.0,-0.8046875,1.4921875,0.0234375,0
/hpc/group/coganlab/nanlinshi/insula-functional/results/rt/task-LexicalDelay/sub-D0094/sub-D0094_task-LexicalDelay_proc-Delay_desc-Repeat_rt-ridge.h5,LexicalDelay,D0094,Delay,128.0,1000,10,5,42,0.05,0.2,0.02,shuffled_group_kfold_by_item,unrestricted_training_rt_shuffle,5,99,143,80,10,"{""default"": 143}",-1.0,-0.8046875,1.4921875,0.0234375,0
/hpc/group/coganlab/nanlinshi/insula-functional/results/rt/task-LexicalDelay/sub-D0094/sub-D0094_task-LexicalDelay_proc-Go_desc-Repeat_rt-ridge.h5,LexicalDelay,D0094,Go,128.0,1000,10,5,42,0.05,0.2,0.02,shuffled_group_kfold_by_item,unrestricted_training_rt_shuffle,5,99,143,80,10,"{""default"": 143}",-1.0,-0.8046875,1.4921875,0.0234375,0
/hpc/group/coganlab/nanlinshi/insula-functional/results/rt/task-LexicalDelay/sub-D0094/sub-D0094_task-LexicalDelay_proc-Response_desc-Repeat_rt-ridge.h5,LexicalDelay,D0094,Response,128.0,1000,10,5,42,0.05,0.2,0.02,shuffled_group_kfold_by_item,unrestricted_training_rt_shuffle,5,99,143,80,10,"{""default"": 143}",-1.0,-0.8046875,1.4921875,0.0234375,0
/hpc/group/coganlab/nanlinshi/insula-functional/results/rt/task-LexicalDelay/sub-D0096/sub-D0096_task-LexicalDelay_proc-Delay_desc-Repeat_rt-ridge.h5,LexicalDelay,D0096,Delay,128.0,1000,10,5,42,0.05,0.2,0.02,shuffled_group_kfold_by_item,unrestricted_training_rt_shuffle,15,99,142,75,10,"{""default"": 142}",-1.0,-0.8046875,1.4921875,0.0234375,0
/hpc/group/coganlab/nanlinshi/insula-functional/results/rt/task-LexicalDelay/sub-D0096/sub-D0096_task-LexicalDelay_proc-Go_desc-Repeat_rt-ridge.h5,LexicalDelay,D0096,Go,128.0,1000,10,5,42,0.05,0.2,0.02,shuffled_group_kfold_by_item,unrestricted_training_rt_shuffle,15,99,142,75,10,"{""default"": 142}",-1.0,-0.8046875,1.4921875,0.0234375,0
/hpc/group/coganlab/nanlinshi/insula-functional/results/rt/task-LexicalDelay/sub-D0096/sub-D0096_task-LexicalDelay_proc-Response_desc-Repeat_rt-ridge.h5,LexicalDelay,D0096,Response,128.0,1000,10,5,42,0.05,0.2,0.02,shuffled_group_kfold_by_item,unrestricted_training_rt_shuffle,15,99,142,75,10,"{""default"": 142}",-1.0,-0.8046875,1.4921875,0.0234375,0
/hpc/group/coganlab/nanlinshi/insula-functional/results/rt/task-LexicalDelay/sub-D0101/sub-D0101_task-LexicalDelay_proc-Delay_desc-Repeat_rt-ridge.h5,LexicalDelay,D0101,Delay,128.0,1000,10,5,42,0.05,0.2,0.02,shuffled_group_kfold_by_item,unrestricted_training_rt_shuffle,10,99,81,63,10,"{""default"": 81}",-1.0,-0.8046875,1.4921875,0.0234375,0
/hpc/group/coganlab/nanlinshi/insula-functional/results/rt/task-LexicalDelay/sub-D0101/sub-D0101_task-LexicalDelay_proc-Go_desc-Repeat_rt-ridge.h5,LexicalDelay,D0101,Go,128.0,1000,10,5,42,0.05,0.2,0.02,shuffled_group_kfold_by_item,unrestricted_training_rt_shuffle,10,99,81,63,10,"{""default"": 81}",-1.0,-0.8046875,1.4921875,0.0234375,0
/hpc/group/coganlab/nanlinshi/insula-functional/results/rt/task-LexicalDelay/sub-D0101/sub-D0101_task-LexicalDelay_proc-Response_desc-Repeat_rt-ridge.h5,LexicalDelay,D0101,Response,128.0,1000,10,5,42,0.05,0.2,0.02,shuffled_group_kfold_by_item,unrestricted_training_rt_shuffle,10,99,81,63,10,"{""default"": 81}",-1.0,-0.8046875,1.4921875,0.0234375,0
/hpc/group/coganlab/nanlinshi/insula-functional/results/rt/task-LexicalDelay/sub-D0102/sub-D0102_task-LexicalDelay_proc-Delay_desc-Repeat_rt-ridge.h5,LexicalDelay,D0102,Delay,128.0,1000,10,5,42,0.05,0.2,0.02,shuffled_group_kfold_by_item,unrestricted_training_rt_shuffle,6,99,153,83,10,"{""default"": 153}",-1.0,-0.8046875,1.4921875,0.0234375,0
/hpc/group/coganlab/nanlinshi/insula-functional/results/rt/task-LexicalDelay/sub-D0102/sub-D0102_task-LexicalDelay_proc-Go_desc-Repeat_rt-ridge.h5,LexicalDelay,D0102,Go,128.0,1000,10,5,42,0.05,0.2,0.02,shuffled_group_kfold_by_item,unrestricted_training_rt_shuffle,6,99,153,83,10,"{""default"": 153}",-1.0,-0.8046875,1.4921875,0.0234375,0
/hpc/group/coganlab/nanlinshi/insula-functional/results/rt/task-LexicalDelay/sub-D0102/sub-D0102_task-LexicalDelay_proc-Response_desc-Repeat_rt-ridge.h5,LexicalDelay,D0102,Response,128.0,1000,10,5,42,0.05,0.2,0.02,shuffled_group_kfold_by_item,unrestricted_training_rt_shuffle,6,99,153,83,10,"{""default"": 153}",-1.0,-0.8046875,1.4921875,0.0234375,0
/hpc/group/coganlab/nanlinshi/insula-functional/results/rt/task-LexicalDelay/sub-D0103/sub-D0103_task-LexicalDelay_proc-Delay_desc-Repeat_rt-ridge.h5,LexicalDelay,D0103,Delay,128.0,1000,10,5,42,0.05,0.2,0.02,shuffled_group_kfold_by_item,unrestricted_training_rt_shuffle,12,99,167,84,10,"{""default"": 167}",-1.0,-0.8046875,1.4921875,0.0234375,0
/hpc/group/coganlab/nanlinshi/insula-functional/results/rt/task-LexicalDelay/sub-D0103/sub-D0103_task-LexicalDelay_proc-Go_desc-Repeat_rt-ridge.h5,LexicalDelay,D0103,Go,128.0,1000,10,5,42,0.05,0.2,0.02,shuffled_group_kfold_by_item,unrestricted_training_rt_shuffle,12,99,167,84,10,"{""default"": 167}",-1.0,-0.8046875,1.4921875,0.0234375,0
/hpc/group/coganlab/nanlinshi/insula-functional/results/rt/task-LexicalDelay/sub-D0103/sub-D0103_task-LexicalDelay_proc-Response_desc-Repeat_rt-ridge.h5,LexicalDelay,D0103,Response,128.0,1000,10,5,42,0.05,0.2,0.02,shuffled_group_kfold_by_item,unrestricted_training_rt_shuffle,12,99,167,84,10,"{""default"": 167}",-1.0,-0.8046875,1.4921875,0.0234375,0
/hpc/group/coganlab/nanlinshi/insula-functional/results/rt/task-LexicalDelay/sub-D0115/sub-D0115_task-LexicalDelay_proc-Delay_desc-Repeat_rt-ridge.h5,LexicalDelay,D0115,Delay,128.0,1000,10,5,42,0.05,0.2,0.02,shuffled_group_kfold_by_item,unrestricted_training_rt_shuffle,7,99,159,83,10,"{""default"": 159}",-1.0,-0.8046875,1.4921875,0.0234375,0
/hpc/group/coganlab/nanlinshi/insula-functional/results/rt/task-LexicalDelay/sub-D0115/sub-D0115_task-LexicalDelay_proc-Go_desc-Repeat_rt-ridge.h5,LexicalDelay,D0115,Go,128.0,1000,10,5,42,0.05,0.2,0.02,shuffled_group_kfold_by_item,unrestricted_training_rt_shuffle,7,99,159,83,10,"{""default"": 159}",-1.0,-0.8046875,1.4921875,0.0234375,0
/hpc/group/coganlab/nanlinshi/insula-functional/results/rt/task-LexicalDelay/sub-D0115/sub-D0115_task-LexicalDelay_proc-Response_desc-Repeat_rt-ridge.h5,LexicalDelay,D0115,Response,128.0,1000,10,5,42,0.05,0.2,0.02,shuffled_group_kfold_by_item,unrestricted_training_rt_shuffle,7,99,159,83,10,"{""default"": 159}",-1.0,-0.8046875,1.4921875,0.0234375,0
/hpc/group/coganlab/nanlinshi/insula-functional/results/rt/task-LexicalDelay/sub-D0128/sub-D0128_task-LexicalDelay_proc-Delay_desc-Repeat_rt-ridge.h5,LexicalDelay,D0128,Delay,128.0,1000,10,5,42,0.05,0.2,0.02,shuffled_group_kfold_by_item,unrestricted_training_rt_shuffle,3,99,162,84,10,"{""default"": 162}",-1.0,-0.8046875,1.4921875,0.0234375,0
/hpc/group/coganlab/nanlinshi/insula-functional/results/rt/task-LexicalDelay/sub-D0128/sub-D0128_task-LexicalDelay_proc-Go_desc-Repeat_rt-ridge.h5,LexicalDelay,D0128,Go,128.0,1000,10,5,42,0.05,0.2,0.02,shuffled_group_kfold_by_item,unrestricted_training_rt_shuffle,3,99,162,84,10,"{""default"": 162}",-1.0,-0.8046875,1.4921875,0.0234375,0
/hpc/group/coganlab/nanlinshi/insula-functional/results/rt/task-LexicalDelay/sub-D0128/sub-D0128_task-LexicalDelay_proc-Response_desc-Repeat_rt-ridge.h5,LexicalDelay,D0128,Response,128.0,1000,10,5,42,0.05,0.2,0.02,shuffled_group_kfold_by_item,unrestricted_training_rt_shuffle,3,99,162,84,10,"{""default"": 162}",-1.0,-0.8046875,1.4921875,0.0234375,0
/hpc/group/coganlab/nanlinshi/insula-functional/results/rt/task-LexicalDelay/sub-D0129/sub-D0129_task-LexicalDelay_proc-Delay_desc-Repeat_rt-ridge.h5,LexicalDelay,D0129,Delay,128.0,1000,10,5,42,0.05,0.2,0.02,shuffled_group_kfold_by_item,unrestricted_training_rt_shuffle,10,99,155,84,10,"{""default"": 155}",-1.0,-0.8046875,1.4921875,0.0234375,0
/hpc/group/coganlab/nanlinshi/insula-functional/results/rt/task-LexicalDelay/sub-D0129/sub-D0129_task-LexicalDelay_proc-Go_desc-Repeat_rt-ridge.h5,LexicalDelay,D0129,Go,128.0,1000,10,5,42,0.05,0.2,0.02,shuffled_group_kfold_by_item,unrestricted_training_rt_shuffle,10,99,155,84,10,"{""default"": 155}",-1.0,-0.8046875,1.4921875,0.0234375,0
/hpc/group/coganlab/nanlinshi/insula-functional/results/rt/task-LexicalDelay/sub-D0129/sub-D0129_task-LexicalDelay_proc-Response_desc-Repeat_rt-ridge.h5,LexicalDelay,D0129,Response,128.0,1000,10,5,42,0.05,0.2,0.02,shuffled_group_kfold_by_item,unrestricted_training_rt_shuffle,10,99,155,84,10,"{""default"": 155}",-1.0,-0.8046875,1.4921875,0.0234375,0
/hpc/group/coganlab/nanlinshi/insula-functional/results/rt/task-LexicalDelay/sub-D0132/sub-D0132_task-LexicalDelay_proc-Delay_desc-Repeat_rt-ridge.h5,LexicalDelay,D0132,Delay,128.0,1000,10,5,42,0.05,0.2,0.02,shuffled_group_kfold_by_item,unrestricted_training_rt_shuffle,8,99,137,81,10,"{""default"": 137}",-1.0,-0.8046875,1.4921875,0.0234375,0
/hpc/group/coganlab/nanlinshi/insula-functional/results/rt/task-LexicalDelay/sub-D0132/sub-D0132_task-LexicalDelay_proc-Go_desc-Repeat_rt-ridge.h5,LexicalDelay,D0132,Go,128.0,1000,10,5,42,0.05,0.2,0.02,shuffled_group_kfold_by_item,unrestricted_training_rt_shuffle,8,99,137,81,10,"{""default"": 137}",-1.0,-0.8046875,1.4921875,0.0234375,0
/hpc/group/coganlab/nanlinshi/insula-functional/results/rt/task-LexicalDelay/sub-D0132/sub-D0132_task-LexicalDelay_proc-Response_desc-Repeat_rt-ridge.h5,LexicalDelay,D0132,Response,128.0,1000,10,5,42,0.05,0.2,0.02,shuffled_group_kfold_by_item,unrestricted_training_rt_shuffle,8,99,137,81,10,"{""default"": 137}",-1.0,-0.8046875,1.4921875,0.0234375,0
/hpc/group/coganlab/nanlinshi/insula-functional/results/rt/task-LexicalDelay/sub-D0137/sub-D0137_task-LexicalDelay_proc-Delay_desc-Repeat_rt-ridge.h5,LexicalDelay,D0137,Delay,128.0,1000,10,5,42,0.05,0.2,0.02,shuffled_group_kfold_by_item,unrestricted_training_rt_shuffle,14,99,161,83,10,"{""default"": 161}",-1.0,-0.8046875,1.4921875,0.0234375,0
/hpc/group/coganlab/nanlinshi/insula-functional/results/rt/task-LexicalDelay/sub-D0137/sub-D0137_task-LexicalDelay_proc-Go_desc-Repeat_rt-ridge.h5,LexicalDelay,D0137,Go,128.0,1000,10,5,42,0.05,0.2,0.02,shuffled_group_kfold_by_item,unrestricted_training_rt_shuffle,14,99,161,83,10,"{""default"": 161}",-1.0,-0.8046875,1.4921875,0.0234375,0
/hpc/group/coganlab/nanlinshi/insula-functional/results/rt/task-LexicalDelay/sub-D0137/sub-D0137_task-LexicalDelay_proc-Response_desc-Repeat_rt-ridge.h5,LexicalDelay,D0137,Response,128.0,1000,10,5,42,0.05,0.2,0.02,shuffled_group_kfold_by_item,unrestricted_training_rt_shuffle,14,99,161,83,10,"{""default"": 161}",-1.0,-0.8046875,1.4921875,0.0234375,0
/hpc/group/coganlab/nanlinshi/insula-functional/results/rt/task-LexicalDelay/sub-D0138/sub-D0138_task-LexicalDelay_proc-Delay_desc-Repeat_rt-ridge.h5,LexicalDelay,D0138,Delay,128.0,1000,10,5,42,0.05,0.2,0.02,shuffled_group_kfold_by_item,unrestricted_training_rt_shuffle,9,99,153,84,10,"{""default"": 153}",-1.0,-0.8046875,1.4921875,0.0234375,0
/hpc/group/coganlab/nanlinshi/insula-functional/results/rt/task-LexicalDelay/sub-D0138/sub-D0138_task-LexicalDelay_proc-Go_desc-Repeat_rt-ridge.h5,LexicalDelay,D0138,Go,128.0,1000,10,5,42,0.05,0.2,0.02,shuffled_group_kfold_by_item,unrestricted_training_rt_shuffle,9,99,153,84,10,"{""default"": 153}",-1.0,-0.8046875,1.4921875,0.0234375,0
/hpc/group/coganlab/nanlinshi/insula-functional/results/rt/task-LexicalDelay/sub-D0138/sub-D0138_task-LexicalDelay_proc-Response_desc-Repeat_rt-ridge.h5,LexicalDelay,D0138,Response,128.0,1000,10,5,42,0.05,0.2,0.02,shuffled_group_kfold_by_item,unrestricted_training_rt_shuffle,9,99,153,84,10,"{""default"": 153}",-1.0,-0.8046875,1.4921875,0.0234375,0
/hpc/group/coganlab/nanlinshi/insula-functional/results/rt/task-LexicalDelay/sub-D0140/sub-D0140_task-LexicalDelay_proc-Delay_desc-Repeat_rt-ridge.h5,LexicalDelay,D0140,Delay,128.0,1000,10,5,42,0.05,0.2,0.02,shuffled_group_kfold_by_item,unrestricted_training_rt_shuffle,6,99,107,74,10,"{""default"": 107}",-1.0,-0.8046875,1.4921875,0.0234375,0
/hpc/group/coganlab/nanlinshi/insula-functional/results/rt/task-LexicalDelay/sub-D0140/sub-D0140_task-LexicalDelay_proc-Go_desc-Repeat_rt-ridge.h5,LexicalDelay,D0140,Go,128.0,1000,10,5,42,0.05,0.2,0.02,shuffled_group_kfold_by_item,unrestricted_training_rt_shuffle,6,99,107,74,10,"{""default"": 107}",-1.0,-0.8046875,1.4921875,0.0234375,0
/hpc/group/coganlab/nanlinshi/insula-functional/results/rt/task-LexicalDelay/sub-D0140/sub-D0140_task-LexicalDelay_proc-Response_desc-Repeat_rt-ridge.h5,LexicalDelay,D0140,Response,128.0,1000,10,5,42,0.05,0.2,0.02,shuffled_group_kfold_by_item,unrestricted_training_rt_shuffle,6,99,107,74,10,"{""default"": 107}",-1.0,-0.8046875,1.4921875,0.0234375,0
/hpc/group/coganlab/nanlinshi/insula-functional/results/rt/task-LexicalDelay/sub-D0143/sub-D0143_task-LexicalDelay_proc-Delay_desc-Repeat_rt-ridge.h5,LexicalDelay,D0143,Delay,128.0,1000,10,5,42,0.05,0.2,0.02,shuffled_group_kfold_by_item,unrestricted_training_rt_shuffle,10,99,116,72,10,"{""default"": 116}",-1.0,-0.8046875,1.4921875,0.0234375,0
/hpc/group/coganlab/nanlinshi/insula-functional/results/rt/task-LexicalDelay/sub-D0143/sub-D0143_task-LexicalDelay_proc-Go_desc-Repeat_rt-ridge.h5,LexicalDelay,D0143,Go,128.0,1000,10,5,42,0.05,0.2,0.02,shuffled_group_kfold_by_item,unrestricted_training_rt_shuffle,10,99,116,72,10,"{""default"": 116}",-1.0,-0.8046875,1.4921875,0.0234375,0
/hpc/group/coganlab/nanlinshi/insula-functional/results/rt/task-LexicalDelay/sub-D0143/sub-D0143_task-LexicalDelay_proc-Response_desc-Repeat_rt-ridge.h5,LexicalDelay,D0143,Response,128.0,1000,10,5,42,0.05,0.2,0.02,shuffled_group_kfold_by_item,unrestricted_training_rt_shuffle,10,99,116,72,10,"{""default"": 116}",-1.0,-0.8046875,1.4921875,0.0234375,0
/hpc/group/coganlab/nanlinshi/insula-functional/results/rt/task-PhonemeSequence/sub-D0022/sub-D0022_task-PhonemeSequence_proc-Delay_desc-Repeat_rt-ridge.h5,PhonemeSequence,D0022,Delay,128.0,1000,10,5,42,0.05,0.2,0.02,shuffled_group_kfold_by_item,unrestricted_training_rt_shuffle,3,99,64,46,10,"{""default"": 64}",-1.0,-0.8046875,1.4921875,0.0234375,0
/hpc/group/coganlab/nanlinshi/insula-functional/results/rt/task-PhonemeSequence/sub-D0022/sub-D0022_task-PhonemeSequence_proc-Go_desc-Repeat_rt-ridge.h5,PhonemeSequence,D0022,Go,128.0,1000,10,5,42,0.05,0.2,0.02,shuffled_group_kfold_by_item,unrestricted_training_rt_shuffle,3,99,68,46,10,"{""default"": 68}",-1.0,-0.8046875,1.4921875,0.0234375,0
/hpc/group/coganlab/nanlinshi/insula-functional/results/rt/task-PhonemeSequence/sub-D0022/sub-D0022_task-PhonemeSequence_proc-Response_desc-Repeat_rt-ridge.h5,PhonemeSequence,D0022,Response,128.0,1000,10,5,42,0.05,0.2,0.02,shuffled_group_kfold_by_item,unrestricted_training_rt_shuffle,3,99,68,46,10,"{""default"": 68}",-1.0,-0.8046875,1.4921875,0.0234375,0
/hpc/group/coganlab/nanlinshi/insula-functional/results/rt/task-PhonemeSequence/sub-D0023/sub-D0023_task-PhonemeSequence_proc-Delay_desc-Repeat_rt-ridge.h5,PhonemeSequence,D0023,Delay,128.0,1000,10,5,42,0.05,0.2,0.02,shuffled_group_kfold_by_item,unrestricted_training_rt_shuffle,1,99,81,51,10,"{""default"": 81}",-1.0,-0.8046875,1.4921875,0.0234375,0
/hpc/group/coganlab/nanlinshi/insula-functional/results/rt/task-PhonemeSequence/sub-D0023/sub-D0023_task-PhonemeSequence_proc-Go_desc-Repeat_rt-ridge.h5,PhonemeSequence,D0023,Go,128.0,1000,10,5,42,0.05,0.2,0.02,shuffled_group_kfold_by_item,unrestricted_training_rt_shuffle,1,99,84,51,10,"{""default"": 84}",-1.0,-0.8046875,1.4921875,0.0234375,0
/hpc/group/coganlab/nanlinshi/insula-functional/results/rt/task-PhonemeSequence/sub-D0023/sub-D0023_task-PhonemeSequence_proc-Response_desc-Repeat_rt-ridge.h5,PhonemeSequence,D0023,Response,128.0,1000,10,5,42,0.05,0.2,0.02,shuffled_group_kfold_by_item,unrestricted_training_rt_shuffle,1,99,84,51,10,"{""default"": 84}",-1.0,-0.8046875,1.4921875,0.0234375,0
/hpc/group/coganlab/nanlinshi/insula-functional/results/rt/task-PhonemeSequence/sub-D0028/sub-D0028_task-PhonemeSequence_proc-Delay_desc-Repeat_rt-ridge.h5,PhonemeSequence,D0028,Delay,128.0,1000,10,5,42,0.05,0.2,0.02,shuffled_group_kfold_by_item,unrestricted_training_rt_shuffle,6,99,79,50,10,"{""default"": 79}",-1.0,-0.8046875,1.4921875,0.0234375,0
/hpc/group/coganlab/nanlinshi/insula-functional/results/rt/task-PhonemeSequence/sub-D0028/sub-D0028_task-PhonemeSequence_proc-Go_desc-Repeat_rt-ridge.h5,PhonemeSequence,D0028,Go,128.0,1000,10,5,42,0.05,0.2,0.02,shuffled_group_kfold_by_item,unrestricted_training_rt_shuffle,6,99,79,50,10,"{""default"": 79}",-1.0,-0.8046875,1.4921875,0.0234375,0
/hpc/group/coganlab/nanlinshi/insula-functional/results/rt/task-PhonemeSequence/sub-D0028/sub-D0028_task-PhonemeSequence_proc-Response_desc-Repeat_rt-ridge.h5,PhonemeSequence,D0028,Response,128.0,1000,10,5,42,0.05,0.2,0.02,shuffled_group_kfold_by_item,unrestricted_training_rt_shuffle,6,99,79,50,10,"{""default"": 79}",-1.0,-0.8046875,1.4921875,0.0234375,0
/hpc/group/coganlab/nanlinshi/insula-functional/results/rt/task-PhonemeSequence/sub-D0035/sub-D0035_task-PhonemeSequence_proc-Delay_desc-Repeat_rt-ridge.h5,PhonemeSequence,D0035,Delay,128.0,1000,10,5,42,0.05,0.2,0.02,shuffled_group_kfold_by_item,unrestricted_training_rt_shuffle,6,99,102,52,10,"{""default"": 102}",-1.0,-0.8046875,1.4921875,0.0234375,0
/hpc/group/coganlab/nanlinshi/insula-functional/results/rt/task-PhonemeSequence/sub-D0035/sub-D0035_task-PhonemeSequence_proc-Go_desc-Repeat_rt-ridge.h5,PhonemeSequence,D0035,Go,128.0,1000,10,5,42,0.05,0.2,0.02,shuffled_group_kfold_by_item,unrestricted_training_rt_shuffle,6,99,102,52,10,"{""default"": 102}",-1.0,-0.8046875,1.4921875,0.0234375,0
/hpc/group/coganlab/nanlinshi/insula-functional/results/rt/task-PhonemeSequence/sub-D0035/sub-D0035_task-PhonemeSequence_proc-Response_desc-Repeat_rt-ridge.h5,PhonemeSequence,D0035,Response,128.0,1000,10,5,42,0.05,0.2,0.02,shuffled_group_kfold_by_item,unrestricted_training_rt_shuffle,6,99,102,52,10,"{""default"": 102}",-1.0,-0.8046875,1.4921875,0.0234375,0
/hpc/group/coganlab/nanlinshi/insula-functional/results/rt/task-PhonemeSequence/sub-D0042/sub-D0042_task-PhonemeSequence_proc-Delay_desc-Repeat_rt-ridge.h5,PhonemeSequence,D0042,Delay,128.0,1000,10,5,42,0.05,0.2,0.02,shuffled_group_kfold_by_item,unrestricted_training_rt_shuffle,7,99,101,52,10,"{""default"": 101}",-1.0,-0.8046875,1.4921875,0.0234375,0
/hpc/group/coganlab/nanlinshi/insula-functional/results/rt/task-PhonemeSequence/sub-D0042/sub-D0042_task-PhonemeSequence_proc-Go_desc-Repeat_rt-ridge.h5,PhonemeSequence,D0042,Go,128.0,1000,10,5,42,0.05,0.2,0.02,shuffled_group_kfold_by_item,unrestricted_training_rt_shuffle,7,99,101,52,10,"{""default"": 101}",-1.0,-0.8046875,1.4921875,0.0234375,0
/hpc/group/coganlab/nanlinshi/insula-functional/results/rt/task-PhonemeSequence/sub-D0042/sub-D0042_task-PhonemeSequence_proc-Response_desc-Repeat_rt-ridge.h5,PhonemeSequence,D0042,Response,128.0,1000,10,5,42,0.05,0.2,0.02,shuffled_group_kfold_by_item,unrestricted_training_rt_shuffle,7,99,101,52,10,"{""default"": 101}",-1.0,-0.8046875,1.4921875,0.0234375,0
/hpc/group/coganlab/nanlinshi/insula-functional/results/rt/task-PhonemeSequence/sub-D0045/sub-D0045_task-PhonemeSequence_proc-Delay_desc-Repeat_rt-ridge.h5,PhonemeSequence,D0045,Delay,128.0,1000,10,5,42,0.05,0.2,0.02,shuffled_group_kfold_by_item,unrestricted_training_rt_shuffle,8,99,103,52,10,"{""default"": 103}",-1.0,-0.8046875,1.4921875,0.0234375,0
/hpc/group/coganlab/nanlinshi/insula-functional/results/rt/task-PhonemeSequence/sub-D0045/sub-D0045_task-PhonemeSequence_proc-Go_desc-Repeat_rt-ridge.h5,PhonemeSequence,D0045,Go,128.0,1000,10,5,42,0.05,0.2,0.02,shuffled_group_kfold_by_item,unrestricted_training_rt_shuffle,8,99,103,52,10,"{""default"": 103}",-1.0,-0.8046875,1.4921875,0.0234375,0
/hpc/group/coganlab/nanlinshi/insula-functional/results/rt/task-PhonemeSequence/sub-D0045/sub-D0045_task-PhonemeSequence_proc-Response_desc-Repeat_rt-ridge.h5,PhonemeSequence,D0045,Response,128.0,1000,10,5,42,0.05,0.2,0.02,shuffled_group_kfold_by_item,unrestricted_training_rt_shuffle,8,99,103,52,10,"{""default"": 103}",-1.0,-0.8046875,1.4921875,0.0234375,0
/hpc/group/coganlab/nanlinshi/insula-functional/results/rt/task-PhonemeSequence/sub-D0049/sub-D0049_task-PhonemeSequence_proc-Delay_desc-Repeat_rt-ridge.h5,PhonemeSequence,D0049,Delay,128.0,1000,10,5,42,0.05,0.2,0.02,shuffled_group_kfold_by_item,unrestricted_training_rt_shuffle,6,99,93,52,10,"{""default"": 93}",-1.0,-0.8046875,1.4921875,0.0234375,0
/hpc/group/coganlab/nanlinshi/insula-functional/results/rt/task-PhonemeSequence/sub-D0049/sub-D0049_task-PhonemeSequence_proc-Go_desc-Repeat_rt-ridge.h5,PhonemeSequence,D0049,Go,128.0,1000,10,5,42,0.05,0.2,0.02,shuffled_group_kfold_by_item,unrestricted_training_rt_shuffle,6,99,93,52,10,"{""default"": 93}",-1.0,-0.8046875,1.4921875,0.0234375,0
/hpc/group/coganlab/nanlinshi/insula-functional/results/rt/task-PhonemeSequence/sub-D0049/sub-D0049_task-PhonemeSequence_proc-Response_desc-Repeat_rt-ridge.h5,PhonemeSequence,D0049,Response,128.0,1000,10,5,42,0.05,0.2,0.02,shuffled_group_kfold_by_item,unrestricted_training_rt_shuffle,6,99,93,52,10,"{""default"": 93}",-1.0,-0.8046875,1.4921875,0.0234375,0
/hpc/group/coganlab/nanlinshi/insula-functional/results/rt/task-PhonemeSequence/sub-D0052/sub-D0052_task-PhonemeSequence_proc-Delay_desc-Repeat_rt-ridge.h5,PhonemeSequence,D0052,Delay,128.0,1000,10,5,42,0.05,0.2,0.02,shuffled_group_kfold_by_item,unrestricted_training_rt_shuffle,5,99,102,52,10,"{""default"": 102}",-1.0,-0.8046875,1.4921875,0.0234375,0
/hpc/group/coganlab/nanlinshi/insula-functional/results/rt/task-PhonemeSequence/sub-D0052/sub-D0052_task-PhonemeSequence_proc-Go_desc-Repeat_rt-ridge.h5,PhonemeSequence,D0052,Go,128.0,1000,10,5,42,0.05,0.2,0.02,shuffled_group_kfold_by_item,unrestricted_training_rt_shuffle,5,99,102,52,10,"{""default"": 102}",-1.0,-0.8046875,1.4921875,0.0234375,0
/hpc/group/coganlab/nanlinshi/insula-functional/results/rt/task-PhonemeSequence/sub-D0052/sub-D0052_task-PhonemeSequence_proc-Response_desc-Repeat_rt-ridge.h5,PhonemeSequence,D0052,Response,128.0,1000,10,5,42,0.05,0.2,0.02,shuffled_group_kfold_by_item,unrestricted_training_rt_shuffle,5,99,102,52,10,"{""default"": 102}",-1.0,-0.8046875,1.4921875,0.0234375,0
/hpc/group/coganlab/nanlinshi/insula-functional/results/rt/task-PhonemeSequence/sub-D0053/sub-D0053_task-PhonemeSequence_proc-Delay_desc-Repeat_rt-ridge.h5,PhonemeSequence,D0053,Delay,128.0,1000,10,5,42,0.05,0.2,0.02,shuffled_group_kfold_by_item,unrestricted_training_rt_shuffle,7,99,93,52,10,"{""default"": 93}",-1.0,-0.8046875,1.4921875,0.0234375,0
/hpc/group/coganlab/nanlinshi/insula-functional/results/rt/task-PhonemeSequence/sub-D0053/sub-D0053_task-PhonemeSequence_proc-Go_desc-Repeat_rt-ridge.h5,PhonemeSequence,D0053,Go,128.0,1000,10,5,42,0.05,0.2,0.02,shuffled_group_kfold_by_item,unrestricted_training_rt_shuffle,7,99,93,52,10,"{""default"": 93}",-1.0,-0.8046875,1.4921875,0.0234375,0
/hpc/group/coganlab/nanlinshi/insula-functional/results/rt/task-PhonemeSequence/sub-D0053/sub-D0053_task-PhonemeSequence_proc-Response_desc-Repeat_rt-ridge.h5,PhonemeSequence,D0053,Response,128.0,1000,10,5,42,0.05,0.2,0.02,shuffled_group_kfold_by_item,unrestricted_training_rt_shuffle,7,99,93,52,10,"{""default"": 93}",-1.0,-0.8046875,1.4921875,0.0234375,0
/hpc/group/coganlab/nanlinshi/insula-functional/results/rt/task-PhonemeSequence/sub-D0054/sub-D0054_task-PhonemeSequence_proc-Delay_desc-Repeat_rt-ridge.h5,PhonemeSequence,D0054,Delay,128.0,1000,10,5,42,0.05,0.2,0.02,shuffled_group_kfold_by_item,unrestricted_training_rt_shuffle,4,99,97,52,10,"{""default"": 97}",-1.0,-0.8046875,1.4921875,0.0234375,0
/hpc/group/coganlab/nanlinshi/insula-functional/results/rt/task-PhonemeSequence/sub-D0054/sub-D0054_task-PhonemeSequence_proc-Go_desc-Repeat_rt-ridge.h5,PhonemeSequence,D0054,Go,128.0,1000,10,5,42,0.05,0.2,0.02,shuffled_group_kfold_by_item,unrestricted_training_rt_shuffle,4,99,98,52,10,"{""default"": 98}",-1.0,-0.8046875,1.4921875,0.0234375,0
/hpc/group/coganlab/nanlinshi/insula-functional/results/rt/task-PhonemeSequence/sub-D0054/sub-D0054_task-PhonemeSequence_proc-Response_desc-Repeat_rt-ridge.h5,PhonemeSequence,D0054,Response,128.0,1000,10,5,42,0.05,0.2,0.02,shuffled_group_kfold_by_item,unrestricted_training_rt_shuffle,4,99,98,52,10,"{""default"": 98}",-1.0,-0.8046875,1.4921875,0.0234375,0
/hpc/group/coganlab/nanlinshi/insula-functional/results/rt/task-PhonemeSequence/sub-D0055/sub-D0055_task-PhonemeSequence_proc-Delay_desc-Repeat_rt-ridge.h5,PhonemeSequence,D0055,Delay,128.0,1000,10,5,42,0.05,0.2,0.02,shuffled_group_kfold_by_item,unrestricted_training_rt_shuffle,11,99,102,52,10,"{""default"": 102}",-1.0,-0.8046875,1.4921875,0.0234375,0
/hpc/group/coganlab/nanlinshi/insula-functional/results/rt/task-PhonemeSequence/sub-D0055/sub-D0055_task-PhonemeSequence_proc-Go_desc-Repeat_rt-ridge.h5,PhonemeSequence,D0055,Go,128.0,1000,10,5,42,0.05,0.2,0.02,shuffled_group_kfold_by_item,unrestricted_training_rt_shuffle,11,99,102,52,10,"{""default"": 102}",-1.0,-0.8046875,1.4921875,0.0234375,0
/hpc/group/coganlab/nanlinshi/insula-functional/results/rt/task-PhonemeSequence/sub-D0055/sub-D0055_task-PhonemeSequence_proc-Response_desc-Repeat_rt-ridge.h5,PhonemeSequence,D0055,Response,128.0,1000,10,5,42,0.05,0.2,0.02,shuffled_group_kfold_by_item,unrestricted_training_rt_shuffle,11,99,102,52,10,"{""default"": 102}",-1.0,-0.8046875,1.4921875,0.0234375,0
/hpc/group/coganlab/nanlinshi/insula-functional/results/rt/task-PhonemeSequence/sub-D0057/sub-D0057_task-PhonemeSequence_proc-Delay_desc-Repeat_rt-ridge.h5,PhonemeSequence,D0057,Delay,128.0,1000,10,5,42,0.05,0.2,0.02,shuffled_group_kfold_by_item,unrestricted_training_rt_shuffle,7,99,97,51,10,"{""default"": 97}",-1.0,-0.8046875,1.4921875,0.0234375,0
/hpc/group/coganlab/nanlinshi/insula-functional/results/rt/task-PhonemeSequence/sub-D0057/sub-D0057_task-PhonemeSequence_proc-Go_desc-Repeat_rt-ridge.h5,PhonemeSequence,D0057,Go,128.0,1000,10,5,42,0.05,0.2,0.02,shuffled_group_kfold_by_item,unrestricted_training_rt_shuffle,7,99,97,51,10,"{""default"": 97}",-1.0,-0.8046875,1.4921875,0.0234375,0
/hpc/group/coganlab/nanlinshi/insula-functional/results/rt/task-PhonemeSequence/sub-D0057/sub-D0057_task-PhonemeSequence_proc-Response_desc-Repeat_rt-ridge.h5,PhonemeSequence,D0057,Response,128.0,1000,10,5,42,0.05,0.2,0.02,shuffled_group_kfold_by_item,unrestricted_training_rt_shuffle,7,99,97,51,10,"{""default"": 97}",-1.0,-0.8046875,1.4921875,0.0234375,0
/hpc/group/coganlab/nanlinshi/insula-functional/results/rt/task-PhonemeSequence/sub-D0058/sub-D0058_task-PhonemeSequence_proc-Delay_desc-Repeat_rt-ridge.h5,PhonemeSequence,D0058,Delay,128.0,1000,10,5,42,0.05,0.2,0.02,shuffled_group_kfold_by_item,unrestricted_training_rt_shuffle,5,99,101,52,10,"{""default"": 101}",-1.0,-0.8046875,1.4921875,0.0234375,0
/hpc/group/coganlab/nanlinshi/insula-functional/results/rt/task-PhonemeSequence/sub-D0058/sub-D0058_task-PhonemeSequence_proc-Go_desc-Repeat_rt-ridge.h5,PhonemeSequence,D0058,Go,128.0,1000,10,5,42,0.05,0.2,0.02,shuffled_group_kfold_by_item,unrestricted_training_rt_shuffle,5,99,101,52,10,"{""default"": 101}",-1.0,-0.8046875,1.4921875,0.0234375,0
/hpc/group/coganlab/nanlinshi/insula-functional/results/rt/task-PhonemeSequence/sub-D0058/sub-D0058_task-PhonemeSequence_proc-Response_desc-Repeat_rt-ridge.h5,PhonemeSequence,D0058,Response,128.0,1000,10,5,42,0.05,0.2,0.02,shuffled_group_kfold_by_item,unrestricted_training_rt_shuffle,5,99,101,52,10,"{""default"": 101}",-1.0,-0.8046875,1.4921875,0.0234375,0
/hpc/group/coganlab/nanlinshi/insula-functional/results/rt/task-PhonemeSequence/sub-D0059/sub-D0059_task-PhonemeSequence_proc-Delay_desc-Repeat_rt-ridge.h5,PhonemeSequence,D0059,Delay,128.0,1000,10,5,42,0.05,0.2,0.02,shuffled_group_kfold_by_item,unrestricted_training_rt_shuffle,5,99,102,52,10,"{""default"": 102}",-1.0,-0.8046875,1.4921875,0.0234375,0
/hpc/group/coganlab/nanlinshi/insula-functional/results/rt/task-PhonemeSequence/sub-D0059/sub-D0059_task-PhonemeSequence_proc-Go_desc-Repeat_rt-ridge.h5,PhonemeSequence,D0059,Go,128.0,1000,10,5,42,0.05,0.2,0.02,shuffled_group_kfold_by_item,unrestricted_training_rt_shuffle,5,99,103,52,10,"{""default"": 103}",-1.0,-0.8046875,1.4921875,0.0234375,0
/hpc/group/coganlab/nanlinshi/insula-functional/results/rt/task-PhonemeSequence/sub-D0059/sub-D0059_task-PhonemeSequence_proc-Response_desc-Repeat_rt-ridge.h5,PhonemeSequence,D0059,Response,128.0,1000,10,5,42,0.05,0.2,0.02,shuffled_group_kfold_by_item,unrestricted_training_rt_shuffle,5,99,103,52,10,"{""default"": 103}",-1.0,-0.8046875,1.4921875,0.0234375,0
/hpc/group/coganlab/nanlinshi/insula-functional/results/rt/task-PhonemeSequence/sub-D0060/sub-D0060_task-PhonemeSequence_proc-Delay_desc-Repeat_rt-ridge.h5,PhonemeSequence,D0060,Delay,128.0,1000,10,5,42,0.05,0.2,0.02,shuffled_group_kfold_by_item,unrestricted_training_rt_shuffle,6,99,77,49,10,"{""default"": 77}",-1.0,-0.8046875,1.4921875,0.0234375,0
/hpc/group/coganlab/nanlinshi/insula-functional/results/rt/task-PhonemeSequence/sub-D0060/sub-D0060_task-PhonemeSequence_proc-Go_desc-Repeat_rt-ridge.h5,PhonemeSequence,D0060,Go,128.0,1000,10,5,42,0.05,0.2,0.02,shuffled_group_kfold_by_item,unrestricted_training_rt_shuffle,6,99,77,49,10,"{""default"": 77}",-1.0,-0.8046875,1.4921875,0.0234375,0
/hpc/group/coganlab/nanlinshi/insula-functional/results/rt/task-PhonemeSequence/sub-D0060/sub-D0060_task-PhonemeSequence_proc-Response_desc-Repeat_rt-ridge.h5,PhonemeSequence,D0060,Response,128.0,1000,10,5,42,0.05,0.2,0.02,shuffled_group_kfold_by_item,unrestricted_training_rt_shuffle,6,99,77,49,10,"{""default"": 77}",-1.0,-0.8046875,1.4921875,0.0234375,0
/hpc/group/coganlab/nanlinshi/insula-functional/results/rt/task-PhonemeSequence/sub-D0061/sub-D0061_task-PhonemeSequence_proc-Delay_desc-Repeat_rt-ridge.h5,PhonemeSequence,D0061,Delay,128.0,1000,10,5,42,0.05,0.2,0.02,shuffled_group_kfold_by_item,unrestricted_training_rt_shuffle,10,99,79,48,10,"{""default"": 79}",-1.0,-0.8046875,1.4921875,0.0234375,0
/hpc/group/coganlab/nanlinshi/insula-functional/results/rt/task-PhonemeSequence/sub-D0061/sub-D0061_task-PhonemeSequence_proc-Go_desc-Repeat_rt-ridge.h5,PhonemeSequence,D0061,Go,128.0,1000,10,5,42,0.05,0.2,0.02,shuffled_group_kfold_by_item,unrestricted_training_rt_shuffle,10,99,79,48,10,"{""default"": 79}",-1.0,-0.8046875,1.4921875,0.0234375,0
/hpc/group/coganlab/nanlinshi/insula-functional/results/rt/task-PhonemeSequence/sub-D0061/sub-D0061_task-PhonemeSequence_proc-Response_desc-Repeat_rt-ridge.h5,PhonemeSequence,D0061,Response,128.0,1000,10,5,42,0.05,0.2,0.02,shuffled_group_kfold_by_item,unrestricted_training_rt_shuffle,10,99,79,48,10,"{""default"": 79}",-1.0,-0.8046875,1.4921875,0.0234375,0
/hpc/group/coganlab/nanlinshi/insula-functional/results/rt/task-PhonemeSequence/sub-D0063/sub-D0063_task-PhonemeSequence_proc-Delay_desc-Repeat_rt-ridge.h5,PhonemeSequence,D0063,Delay,128.0,1000,10,5,42,0.05,0.2,0.02,shuffled_group_kfold_by_item,unrestricted_training_rt_shuffle,3,99,99,51,10,"{""default"": 99}",-1.0,-0.8046875,1.4921875,0.0234375,0
/hpc/group/coganlab/nanlinshi/insula-functional/results/rt/task-PhonemeSequence/sub-D0063/sub-D0063_task-PhonemeSequence_proc-Go_desc-Repeat_rt-ridge.h5,PhonemeSequence,D0063,Go,128.0,1000,10,5,42,0.05,0.2,0.02,shuffled_group_kfold_by_item,unrestricted_training_rt_shuffle,3,99,99,51,10,"{""default"": 99}",-1.0,-0.8046875,1.4921875,0.0234375,0
/hpc/group/coganlab/nanlinshi/insula-functional/results/rt/task-PhonemeSequence/sub-D0063/sub-D0063_task-PhonemeSequence_proc-Response_desc-Repeat_rt-ridge.h5,PhonemeSequence,D0063,Response,128.0,1000,10,5,42,0.05,0.2,0.02,shuffled_group_kfold_by_item,unrestricted_training_rt_shuffle,3,99,99,51,10,"{""default"": 99}",-1.0,-0.8046875,1.4921875,0.0234375,0
/hpc/group/coganlab/nanlinshi/insula-functional/results/rt/task-PhonemeSequence/sub-D0064/sub-D0064_task-PhonemeSequence_proc-Delay_desc-Repeat_rt-ridge.h5,PhonemeSequence,D0064,Delay,128.0,1000,10,5,42,0.05,0.2,0.02,shuffled_group_kfold_by_item,unrestricted_training_rt_shuffle,5,99,81,51,10,"{""default"": 81}",-1.0,-0.8046875,1.4921875,0.0234375,0
/hpc/group/coganlab/nanlinshi/insula-functional/results/rt/task-PhonemeSequence/sub-D0064/sub-D0064_task-PhonemeSequence_proc-Go_desc-Repeat_rt-ridge.h5,PhonemeSequence,D0064,Go,128.0,1000,10,5,42,0.05,0.2,0.02,shuffled_group_kfold_by_item,unrestricted_training_rt_shuffle,5,99,81,51,10,"{""default"": 81}",-1.0,-0.8046875,1.4921875,0.0234375,0
/hpc/group/coganlab/nanlinshi/insula-functional/results/rt/task-PhonemeSequence/sub-D0064/sub-D0064_task-PhonemeSequence_proc-Response_desc-Repeat_rt-ridge.h5,PhonemeSequence,D0064,Response,128.0,1000,10,5,42,0.05,0.2,0.02,shuffled_group_kfold_by_item,unrestricted_training_rt_shuffle,5,99,81,51,10,"{""default"": 81}",-1.0,-0.8046875,1.4921875,0.0234375,0
/hpc/group/coganlab/nanlinshi/insula-functional/results/rt/task-PhonemeSequence/sub-D0067/sub-D0067_task-PhonemeSequence_proc-Delay_desc-Repeat_rt-ridge.h5,PhonemeSequence,D0067,Delay,128.0,1000,10,5,42,0.05,0.2,0.02,shuffled_group_kfold_by_item,unrestricted_training_rt_shuffle,3,99,81,47,10,"{""default"": 81}",-1.0,-0.8046875,1.4921875,0.0234375,0
/hpc/group/coganlab/nanlinshi/insula-functional/results/rt/task-PhonemeSequence/sub-D0067/sub-D0067_task-PhonemeSequence_proc-Go_desc-Repeat_rt-ridge.h5,PhonemeSequence,D0067,Go,128.0,1000,10,5,42,0.05,0.2,0.02,shuffled_group_kfold_by_item,unrestricted_training_rt_shuffle,3,99,81,47,10,"{""default"": 81}",-1.0,-0.8046875,1.4921875,0.0234375,0
/hpc/group/coganlab/nanlinshi/insula-functional/results/rt/task-PhonemeSequence/sub-D0067/sub-D0067_task-PhonemeSequence_proc-Response_desc-Repeat_rt-ridge.h5,PhonemeSequence,D0067,Response,128.0,1000,10,5,42,0.05,0.2,0.02,shuffled_group_kfold_by_item,unrestricted_training_rt_shuffle,3,99,81,47,10,"{""default"": 81}",-1.0,-0.8046875,1.4921875,0.0234375,0
/hpc/group/coganlab/nanlinshi/insula-functional/results/rt/task-PhonemeSequence/sub-D0068/sub-D0068_task-PhonemeSequence_proc-Delay_desc-Repeat_rt-ridge.h5,PhonemeSequence,D0068,Delay,128.0,1000,10,5,42,0.05,0.2,0.02,shuffled_group_kfold_by_item,unrestricted_training_rt_shuffle,3,99,103,52,10,"{""default"": 103}",-1.0,-0.8046875,1.4921875,0.0234375,0
/hpc/group/coganlab/nanlinshi/insula-functional/results/rt/task-PhonemeSequence/sub-D0068/sub-D0068_task-PhonemeSequence_proc-Go_desc-Repeat_rt-ridge.h5,PhonemeSequence,D0068,Go,128.0,1000,10,5,42,0.05,0.2,0.02,shuffled_group_kfold_by_item,unrestricted_training_rt_shuffle,3,99,103,52,10,"{""default"": 103}",-1.0,-0.8046875,1.4921875,0.0234375,0
/hpc/group/coganlab/nanlinshi/insula-functional/results/rt/task-PhonemeSequence/sub-D0068/sub-D0068_task-PhonemeSequence_proc-Response_desc-Repeat_rt-ridge.h5,PhonemeSequence,D0068,Response,128.0,1000,10,5,42,0.05,0.2,0.02,shuffled_group_kfold_by_item,unrestricted_training_rt_shuffle,3,99,103,52,10,"{""default"": 103}",-1.0,-0.8046875,1.4921875,0.0234375,0
/hpc/group/coganlab/nanlinshi/insula-functional/results/rt/task-PhonemeSequence/sub-D0070/sub-D0070_task-PhonemeSequence_proc-Delay_desc-Repeat_rt-ridge.h5,PhonemeSequence,D0070,Delay,128.0,1000,10,5,42,0.05,0.2,0.02,shuffled_group_kfold_by_item,unrestricted_training_rt_shuffle,3,99,99,52,10,"{""default"": 99}",-1.0,-0.8046875,1.4921875,0.0234375,0
/hpc/group/coganlab/nanlinshi/insula-functional/results/rt/task-PhonemeSequence/sub-D0070/sub-D0070_task-PhonemeSequence_proc-Go_desc-Repeat_rt-ridge.h5,PhonemeSequence,D0070,Go,128.0,1000,10,5,42,0.05,0.2,0.02,shuffled_group_kfold_by_item,unrestricted_training_rt_shuffle,3,99,99,52,10,"{""default"": 99}",-1.0,-0.8046875,1.4921875,0.0234375,0
/hpc/group/coganlab/nanlinshi/insula-functional/results/rt/task-PhonemeSequence/sub-D0070/sub-D0070_task-PhonemeSequence_proc-Response_desc-Repeat_rt-ridge.h5,PhonemeSequence,D0070,Response,128.0,1000,10,5,42,0.05,0.2,0.02,shuffled_group_kfold_by_item,unrestricted_training_rt_shuffle,3,99,99,52,10,"{""default"": 99}",-1.0,-0.8046875,1.4921875,0.0234375,0
/hpc/group/coganlab/nanlinshi/insula-functional/results/rt/task-PhonemeSequence/sub-D0071/sub-D0071_task-PhonemeSequence_proc-Delay_desc-Repeat_rt-ridge.h5,PhonemeSequence,D0071,Delay,128.0,1000,10,5,42,0.05,0.2,0.02,shuffled_group_kfold_by_item,unrestricted_training_rt_shuffle,7,99,103,52,10,"{""default"": 103}",-1.0,-0.8046875,1.4921875,0.0234375,0
/hpc/group/coganlab/nanlinshi/insula-functional/results/rt/task-PhonemeSequence/sub-D0071/sub-D0071_task-PhonemeSequence_proc-Go_desc-Repeat_rt-ridge.h5,PhonemeSequence,D0071,Go,128.0,1000,10,5,42,0.05,0.2,0.02,shuffled_group_kfold_by_item,unrestricted_training_rt_shuffle,7,99,103,52,10,"{""default"": 103}",-1.0,-0.8046875,1.4921875,0.0234375,0
/hpc/group/coganlab/nanlinshi/insula-functional/results/rt/task-PhonemeSequence/sub-D0071/sub-D0071_task-PhonemeSequence_proc-Response_desc-Repeat_rt-ridge.h5,PhonemeSequence,D0071,Response,128.0,1000,10,5,42,0.05,0.2,0.02,shuffled_group_kfold_by_item,unrestricted_training_rt_shuffle,7,99,103,52,10,"{""default"": 103}",-1.0,-0.8046875,1.4921875,0.0234375,0
/hpc/group/coganlab/nanlinshi/insula-functional/results/rt/task-PhonemeSequence/sub-D0075/sub-D0075_task-PhonemeSequence_proc-Delay_desc-Repeat_rt-ridge.h5,PhonemeSequence,D0075,Delay,128.0,1000,10,5,42,0.05,0.2,0.02,shuffled_group_kfold_by_item,unrestricted_training_rt_shuffle,6,99,81,48,10,"{""default"": 81}",-1.0,-0.8046875,1.4921875,0.0234375,0
/hpc/group/coganlab/nanlinshi/insula-functional/results/rt/task-PhonemeSequence/sub-D0075/sub-D0075_task-PhonemeSequence_proc-Go_desc-Repeat_rt-ridge.h5,PhonemeSequence,D0075,Go,128.0,1000,10,5,42,0.05,0.2,0.02,shuffled_group_kfold_by_item,unrestricted_training_rt_shuffle,6,99,81,48,10,"{""default"": 81}",-1.0,-0.8046875,1.4921875,0.0234375,0
/hpc/group/coganlab/nanlinshi/insula-functional/results/rt/task-PhonemeSequence/sub-D0075/sub-D0075_task-PhonemeSequence_proc-Response_desc-Repeat_rt-ridge.h5,PhonemeSequence,D0075,Response,128.0,1000,10,5,42,0.05,0.2,0.02,shuffled_group_kfold_by_item,unrestricted_training_rt_shuffle,6,99,81,48,10,"{""default"": 81}",-1.0,-0.8046875,1.4921875,0.0234375,0
/hpc/group/coganlab/nanlinshi/insula-functional/results/rt/task-PhonemeSequence/sub-D0079/sub-D0079_task-PhonemeSequence_proc-Delay_desc-Repeat_rt-ridge.h5,PhonemeSequence,D0079,Delay,128.0,1000,10,5,42,0.05,0.2,0.02,shuffled_group_kfold_by_item,unrestricted_training_rt_shuffle,13,99,102,52,10,"{""default"": 102}",-1.0,-0.8046875,1.4921875,0.0234375,0
/hpc/group/coganlab/nanlinshi/insula-functional/results/rt/task-PhonemeSequence/sub-D0079/sub-D0079_task-PhonemeSequence_proc-Go_desc-Repeat_rt-ridge.h5,PhonemeSequence,D0079,Go,128.0,1000,10,5,42,0.05,0.2,0.02,shuffled_group_kfold_by_item,unrestricted_training_rt_shuffle,13,99,102,52,10,"{""default"": 102}",-1.0,-0.8046875,1.4921875,0.0234375,0
/hpc/group/coganlab/nanlinshi/insula-functional/results/rt/task-PhonemeSequence/sub-D0079/sub-D0079_task-PhonemeSequence_proc-Response_desc-Repeat_rt-ridge.h5,PhonemeSequence,D0079,Response,128.0,1000,10,5,42,0.05,0.2,0.02,shuffled_group_kfold_by_item,unrestricted_training_rt_shuffle,13,99,102,52,10,"{""default"": 102}",-1.0,-0.8046875,1.4921875,0.0234375,0
/hpc/group/coganlab/nanlinshi/insula-functional/results/rt/task-PhonemeSequence/sub-D0084/sub-D0084_task-PhonemeSequence_proc-Delay_desc-Repeat_rt-ridge.h5,PhonemeSequence,D0084,Delay,128.0,1000,10,5,42,0.05,0.2,0.02,shuffled_group_kfold_by_item,unrestricted_training_rt_shuffle,6,99,100,52,10,"{""default"": 100}",-1.0,-0.8046875,1.4921875,0.0234375,0
/hpc/group/coganlab/nanlinshi/insula-functional/results/rt/task-PhonemeSequence/sub-D0084/sub-D0084_task-PhonemeSequence_proc-Go_desc-Repeat_rt-ridge.h5,PhonemeSequence,D0084,Go,128.0,1000,10,5,42,0.05,0.2,0.02,shuffled_group_kfold_by_item,unrestricted_training_rt_shuffle,6,99,100,52,10,"{""default"": 100}",-1.0,-0.8046875,1.4921875,0.0234375,0
/hpc/group/coganlab/nanlinshi/insula-functional/results/rt/task-PhonemeSequence/sub-D0084/sub-D0084_task-PhonemeSequence_proc-Response_desc-Repeat_rt-ridge.h5,PhonemeSequence,D0084,Response,128.0,1000,10,5,42,0.05,0.2,0.02,shuffled_group_kfold_by_item,unrestricted_training_rt_shuffle,6,99,100,52,10,"{""default"": 100}",-1.0,-0.8046875,1.4921875,0.0234375,0
/hpc/group/coganlab/nanlinshi/insula-functional/results/rt/task-PhonemeSequence/sub-D0085/sub-D0085_task-PhonemeSequence_proc-Delay_desc-Repeat_rt-ridge.h5,PhonemeSequence,D0085,Delay,128.0,1000,10,5,42,0.05,0.2,0.02,shuffled_group_kfold_by_item,unrestricted_training_rt_shuffle,6,99,102,52,10,"{""default"": 102}",-1.0,-0.8046875,1.4921875,0.0234375,0
/hpc/group/coganlab/nanlinshi/insula-functional/results/rt/task-PhonemeSequence/sub-D0085/sub-D0085_task-PhonemeSequence_proc-Go_desc-Repeat_rt-ridge.h5,PhonemeSequence,D0085,Go,128.0,1000,10,5,42,0.05,0.2,0.02,shuffled_group_kfold_by_item,unrestricted_training_rt_shuffle,6,99,102,52,10,"{""default"": 102}",-1.0,-0.8046875,1.4921875,0.0234375,0
/hpc/group/coganlab/nanlinshi/insula-functional/results/rt/task-PhonemeSequence/sub-D0085/sub-D0085_task-PhonemeSequence_proc-Response_desc-Repeat_rt-ridge.h5,PhonemeSequence,D0085,Response,128.0,1000,10,5,42,0.05,0.2,0.02,shuffled_group_kfold_by_item,unrestricted_training_rt_shuffle,6,99,102,52,10,"{""default"": 102}",-1.0,-0.8046875,1.4921875,0.0234375,0
/hpc/group/coganlab/nanlinshi/insula-functional/results/rt/task-PhonemeSequence/sub-D0086/sub-D0086_task-PhonemeSequence_proc-Delay_desc-Repeat_rt-ridge.h5,PhonemeSequence,D0086,Delay,128.0,1000,10,5,42,0.05,0.2,0.02,shuffled_group_kfold_by_item,unrestricted_training_rt_shuffle,12,99,51,42,10,"{""default"": 51}",-1.0,-0.8046875,1.4921875,0.0234375,0
/hpc/group/coganlab/nanlinshi/insula-functional/results/rt/task-PhonemeSequence/sub-D0086/sub-D0086_task-PhonemeSequence_proc-Go_desc-Repeat_rt-ridge.h5,PhonemeSequence,D0086,Go,128.0,1000,10,5,42,0.05,0.2,0.02,shuffled_group_kfold_by_item,unrestricted_training_rt_shuffle,12,99,51,42,10,"{""default"": 51}",-1.0,-0.8046875,1.4921875,0.0234375,0
/hpc/group/coganlab/nanlinshi/insula-functional/results/rt/task-PhonemeSequence/sub-D0086/sub-D0086_task-PhonemeSequence_proc-Response_desc-Repeat_rt-ridge.h5,PhonemeSequence,D0086,Response,128.0,1000,10,5,42,0.05,0.2,0.02,shuffled_group_kfold_by_item,unrestricted_training_rt_shuffle,12,99,51,42,10,"{""default"": 51}",-1.0,-0.8046875,1.4921875,0.0234375,0
/hpc/group/coganlab/nanlinshi/insula-functional/results/rt/task-PhonemeSequence/sub-D0088/sub-D0088_task-PhonemeSequence_proc-Delay_desc-Repeat_rt-ridge.h5,PhonemeSequence,D0088,Delay,128.0,1000,10,5,42,0.05,0.2,0.02,shuffled_group_kfold_by_item,unrestricted_training_rt_shuffle,7,99,88,52,10,"{""default"": 88}",-1.0,-0.8046875,1.4921875,0.0234375,0
/hpc/group/coganlab/nanlinshi/insula-functional/results/rt/task-PhonemeSequence/sub-D0088/sub-D0088_task-PhonemeSequence_proc-Go_desc-Repeat_rt-ridge.h5,PhonemeSequence,D0088,Go,128.0,1000,10,5,42,0.05,0.2,0.02,shuffled_group_kfold_by_item,unrestricted_training_rt_shuffle,7,99,89,52,10,"{""default"": 89}",-1.0,-0.8046875,1.4921875,0.0234375,0
/hpc/group/coganlab/nanlinshi/insula-functional/results/rt/task-PhonemeSequence/sub-D0088/sub-D0088_task-PhonemeSequence_proc-Response_desc-Repeat_rt-ridge.h5,PhonemeSequence,D0088,Response,128.0,1000,10,5,42,0.05,0.2,0.02,shuffled_group_kfold_by_item,unrestricted_training_rt_shuffle,7,99,89,52,10,"{""default"": 89}",-1.0,-0.8046875,1.4921875,0.0234375,0
/hpc/group/coganlab/nanlinshi/insula-functional/results/rt/task-PhonemeSequence/sub-D0092/sub-D0092_task-PhonemeSequence_proc-Delay_desc-Repeat_rt-ridge.h5,PhonemeSequence,D0092,Delay,128.0,1000,10,5,42,0.05,0.2,0.02,shuffled_group_kfold_by_item,unrestricted_training_rt_shuffle,13,99,104,52,10,"{""default"": 104}",-1.0,-0.8046875,1.4921875,0.0234375,0
/hpc/group/coganlab/nanlinshi/insula-functional/results/rt/task-PhonemeSequence/sub-D0092/sub-D0092_task-PhonemeSequence_proc-Go_desc-Repeat_rt-ridge.h5,PhonemeSequence,D0092,Go,128.0,1000,10,5,42,0.05,0.2,0.02,shuffled_group_kfold_by_item,unrestricted_training_rt_shuffle,13,99,104,52,10,"{""default"": 104}",-1.0,-0.8046875,1.4921875,0.0234375,0
/hpc/group/coganlab/nanlinshi/insula-functional/results/rt/task-PhonemeSequence/sub-D0092/sub-D0092_task-PhonemeSequence_proc-Response_desc-Repeat_rt-ridge.h5,PhonemeSequence,D0092,Response,128.0,1000,10,5,42,0.05,0.2,0.02,shuffled_group_kfold_by_item,unrestricted_training_rt_shuffle,13,99,104,52,10,"{""default"": 104}",-1.0,-0.8046875,1.4921875,0.0234375,0
/hpc/group/coganlab/nanlinshi/insula-functional/results/rt/task-PhonemeSequence/sub-D0093/sub-D0093_task-PhonemeSequence_proc-Delay_desc-Repeat_rt-ridge.h5,PhonemeSequence,D0093,Delay,128.0,1000,10,5,42,0.05,0.2,0.02,shuffled_group_kfold_by_item,unrestricted_training_rt_shuffle,4,99,104,52,10,"{""default"": 104}",-1.0,-0.8046875,1.4921875,0.0234375,0
/hpc/group/coganlab/nanlinshi/insula-functional/results/rt/task-PhonemeSequence/sub-D0093/sub-D0093_task-PhonemeSequence_proc-Go_desc-Repeat_rt-ridge.h5,PhonemeSequence,D0093,Go,128.0,1000,10,5,42,0.05,0.2,0.02,shuffled_group_kfold_by_item,unrestricted_training_rt_shuffle,4,99,104,52,10,"{""default"": 104}",-1.0,-0.8046875,1.4921875,0.0234375,0
/hpc/group/coganlab/nanlinshi/insula-functional/results/rt/task-PhonemeSequence/sub-D0093/sub-D0093_task-PhonemeSequence_proc-Response_desc-Repeat_rt-ridge.h5,PhonemeSequence,D0093,Response,128.0,1000,10,5,42,0.05,0.2,0.02,shuffled_group_kfold_by_item,unrestricted_training_rt_shuffle,4,99,104,52,10,"{""default"": 104}",-1.0,-0.8046875,1.4921875,0.0234375,0
/hpc/group/coganlab/nanlinshi/insula-functional/results/rt/task-PhonemeSequence/sub-D0094/sub-D0094_task-PhonemeSequence_proc-Delay_desc-Repeat_rt-ridge.h5,PhonemeSequence,D0094,Delay,128.0,1000,10,5,42,0.05,0.2,0.02,shuffled_group_kfold_by_item,unrestricted_training_rt_shuffle,5,99,25,22,10,"{""default"": 25}",-1.0,-0.8046875,1.4921875,0.0234375,0
/hpc/group/coganlab/nanlinshi/insula-functional/results/rt/task-PhonemeSequence/sub-D0094/sub-D0094_task-PhonemeSequence_proc-Go_desc-Repeat_rt-ridge.h5,PhonemeSequence,D0094,Go,128.0,1000,10,5,42,0.05,0.2,0.02,shuffled_group_kfold_by_item,unrestricted_training_rt_shuffle,5,99,25,22,10,"{""default"": 25}",-1.0,-0.8046875,1.4921875,0.0234375,0
/hpc/group/coganlab/nanlinshi/insula-functional/results/rt/task-PhonemeSequence/sub-D0094/sub-D0094_task-PhonemeSequence_proc-Response_desc-Repeat_rt-ridge.h5,PhonemeSequence,D0094,Response,128.0,1000,10,5,42,0.05,0.2,0.02,shuffled_group_kfold_by_item,unrestricted_training_rt_shuffle,5,99,25,22,10,"{""default"": 25}",-1.0,-0.8046875,1.4921875,0.0234375,0
/hpc/group/coganlab/nanlinshi/insula-functional/results/rt/task-PhonemeSequence/sub-D0095/sub-D0095_task-PhonemeSequence_proc-Delay_desc-Repeat_rt-ridge.h5,PhonemeSequence,D0095,Delay,128.0,1000,10,5,42,0.05,0.2,0.02,shuffled_group_kfold_by_item,unrestricted_training_rt_shuffle,10,99,99,52,10,"{""default"": 99}",-1.0,-0.8046875,1.4921875,0.0234375,0
/hpc/group/coganlab/nanlinshi/insula-functional/results/rt/task-PhonemeSequence/sub-D0095/sub-D0095_task-PhonemeSequence_proc-Go_desc-Repeat_rt-ridge.h5,PhonemeSequence,D0095,Go,128.0,1000,10,5,42,0.05,0.2,0.02,shuffled_group_kfold_by_item,unrestricted_training_rt_shuffle,10,99,99,52,10,"{""default"": 99}",-1.0,-0.8046875,1.4921875,0.0234375,0
/hpc/group/coganlab/nanlinshi/insula-functional/results/rt/task-PhonemeSequence/sub-D0095/sub-D0095_task-PhonemeSequence_proc-Response_desc-Repeat_rt-ridge.h5,PhonemeSequence,D0095,Response,128.0,1000,10,5,42,0.05,0.2,0.02,shuffled_group_kfold_by_item,unrestricted_training_rt_shuffle,10,99,99,52,10,"{""default"": 99}",-1.0,-0.8046875,1.4921875,0.0234375,0
/hpc/group/coganlab/nanlinshi/insula-functional/results/rt/task-PhonemeSequence/sub-D0096/sub-D0096_task-PhonemeSequence_proc-Delay_desc-Repeat_rt-ridge.h5,PhonemeSequence,D0096,Delay,128.0,1000,10,5,42,0.05,0.2,0.02,shuffled_group_kfold_by_item,unrestricted_training_rt_shuffle,15,99,99,51,10,"{""default"": 99}",-1.0,-0.8046875,1.4921875,0.0234375,0
/hpc/group/coganlab/nanlinshi/insula-functional/results/rt/task-PhonemeSequence/sub-D0096/sub-D0096_task-PhonemeSequence_proc-Go_desc-Repeat_rt-ridge.h5,PhonemeSequence,D0096,Go,128.0,1000,10,5,42,0.05,0.2,0.02,shuffled_group_kfold_by_item,unrestricted_training_rt_shuffle,15,99,99,51,10,"{""default"": 99}",-1.0,-0.8046875,1.4921875,0.0234375,0
/hpc/group/coganlab/nanlinshi/insula-functional/results/rt/task-PhonemeSequence/sub-D0096/sub-D0096_task-PhonemeSequence_proc-Response_desc-Repeat_rt-ridge.h5,PhonemeSequence,D0096,Response,128.0,1000,10,5,42,0.05,0.2,0.02,shuffled_group_kfold_by_item,unrestricted_training_rt_shuffle,15,99,99,51,10,"{""default"": 99}",-1.0,-0.8046875,1.4921875,0.0234375,0
/hpc/group/coganlab/nanlinshi/insula-functional/results/rt/task-PhonemeSequence/sub-D0102/sub-D0102_task-PhonemeSequence_proc-Delay_desc-Repeat_rt-ridge.h5,PhonemeSequence,D0102,Delay,128.0,1000,10,5,42,0.05,0.2,0.02,shuffled_group_kfold_by_item,unrestricted_training_rt_shuffle,6,99,3,3,3,"{""default"": 3}",-1.0,-0.8046875,1.4921875,0.0234375,0
/hpc/group/coganlab/nanlinshi/insula-functional/results/rt/task-PhonemeSequence/sub-D0102/sub-D0102_task-PhonemeSequence_proc-Go_desc-Repeat_rt-ridge.h5,PhonemeSequence,D0102,Go,128.0,1000,10,5,42,0.05,0.2,0.02,shuffled_group_kfold_by_item,unrestricted_training_rt_shuffle,6,99,3,3,3,"{""default"": 3}",-1.0,-0.8046875,1.4921875,0.0234375,0
/hpc/group/coganlab/nanlinshi/insula-functional/results/rt/task-PhonemeSequence/sub-D0102/sub-D0102_task-PhonemeSequence_proc-Response_desc-Repeat_rt-ridge.h5,PhonemeSequence,D0102,Response,128.0,1000,10,5,42,0.05,0.2,0.02,shuffled_group_kfold_by_item,unrestricted_training_rt_shuffle,6,99,3,3,3,"{""default"": 3}",-1.0,-0.8046875,1.4921875,0.0234375,0
/hpc/group/coganlab/nanlinshi/insula-functional/results/rt/task-PhonemeSequence/sub-D0103/sub-D0103_task-PhonemeSequence_proc-Delay_desc-Repeat_rt-ridge.h5,PhonemeSequence,D0103,Delay,128.0,1000,10,5,42,0.05,0.2,0.02,shuffled_group_kfold_by_item,unrestricted_training_rt_shuffle,12,99,4,4,4,"{""default"": 4}",-1.0,-0.8046875,1.4921875,0.0234375,0
/hpc/group/coganlab/nanlinshi/insula-functional/results/rt/task-PhonemeSequence/sub-D0103/sub-D0103_task-PhonemeSequence_proc-Go_desc-Repeat_rt-ridge.h5,PhonemeSequence,D0103,Go,128.0,1000,10,5,42,0.05,0.2,0.02,shuffled_group_kfold_by_item,unrestricted_training_rt_shuffle,12,99,4,4,4,"{""default"": 4}",-1.0,-0.8046875,1.4921875,0.0234375,0
/hpc/group/coganlab/nanlinshi/insula-functional/results/rt/task-PhonemeSequence/sub-D0103/sub-D0103_task-PhonemeSequence_proc-Response_desc-Repeat_rt-ridge.h5,PhonemeSequence,D0103,Response,128.0,1000,10,5,42,0.05,0.2,0.02,shuffled_group_kfold_by_item,unrestricted_training_rt_shuffle,12,99,4,4,4,"{""default"": 4}",-1.0,-0.8046875,1.4921875,0.0234375,0
/hpc/group/coganlab/nanlinshi/insula-functional/results/rt/task-PictureNaming/sub-D0076/sub-D0076_task-PictureNaming_proc-Delay_desc-Repeat_rt-ridge.h5,PictureNaming,D0076,Delay,128.0,1000,10,5,42,0.05,0.2,0.02,shuffled_group_kfold_by_item,unrestricted_training_rt_shuffle,4,99,191,4,4,"{""image"": 64, ""sound"": 64, ""text"": 63}",-1.0,-0.8046875,1.4921875,0.0234375,0
/hpc/group/coganlab/nanlinshi/insula-functional/results/rt/task-PictureNaming/sub-D0076/sub-D0076_task-PictureNaming_proc-Go_desc-Repeat_rt-ridge.h5,PictureNaming,D0076,Go,128.0,1000,10,5,42,0.05,0.2,0.02,shuffled_group_kfold_by_item,unrestricted_training_rt_shuffle,4,99,191,4,4,"{""image"": 64, ""sound"": 64, ""text"": 63}",-1.0,-0.8046875,1.4921875,0.0234375,0
/hpc/group/coganlab/nanlinshi/insula-functional/results/rt/task-PictureNaming/sub-D0076/sub-D0076_task-PictureNaming_proc-Response_desc-Repeat_rt-ridge.h5,PictureNaming,D0076,Response,128.0,1000,10,5,42,0.05,0.2,0.02,shuffled_group_kfold_by_item,unrestricted_training_rt_shuffle,4,99,191,4,4,"{""image"": 64, ""sound"": 64, ""text"": 63}",-1.0,-0.8046875,1.4921875,0.0234375,0
/hpc/group/coganlab/nanlinshi/insula-functional/results/rt/task-PictureNaming/sub-D0079/sub-D0079_task-PictureNaming_proc-Delay_desc-Repeat_rt-ridge.h5,PictureNaming,D0079,Delay,128.0,1000,10,5,42,0.05,0.2,0.02,shuffled_group_kfold_by_item,unrestricted_training_rt_shuffle,13,99,182,4,4,"{""image"": 59, ""sound"": 64, ""text"": 59}",-1.0,-0.8046875,1.4921875,0.0234375,0
/hpc/group/coganlab/nanlinshi/insula-functional/results/rt/task-PictureNaming/sub-D0079/sub-D0079_task-PictureNaming_proc-Go_desc-Repeat_rt-ridge.h5,PictureNaming,D0079,Go,128.0,1000,10,5,42,0.05,0.2,0.02,shuffled_group_kfold_by_item,unrestricted_training_rt_shuffle,13,99,182,4,4,"{""image"": 59, ""sound"": 64, ""text"": 59}",-1.0,-0.8046875,1.4921875,0.0234375,0
/hpc/group/coganlab/nanlinshi/insula-functional/results/rt/task-PictureNaming/sub-D0079/sub-D0079_task-PictureNaming_proc-Response_desc-Repeat_rt-ridge.h5,PictureNaming,D0079,Response,128.0,1000,10,5,42,0.05,0.2,0.02,shuffled_group_kfold_by_item,unrestricted_training_rt_shuffle,13,99,182,4,4,"{""image"": 59, ""sound"": 64, ""text"": 59}",-1.0,-0.8046875,1.4921875,0.0234375,0
/hpc/group/coganlab/nanlinshi/insula-functional/results/rt/task-PictureNaming/sub-D0080/sub-D0080_task-PictureNaming_proc-Delay_desc-Repeat_rt-ridge.h5,PictureNaming,D0080,Delay,128.0,1000,10,5,42,0.05,0.2,0.02,shuffled_group_kfold_by_item,unrestricted_training_rt_shuffle,5,99,240,4,4,"{""image"": 80, ""sound"": 80, ""text"": 80}",-1.0,-0.8046875,1.4921875,0.0234375,0
/hpc/group/coganlab/nanlinshi/insula-functional/results/rt/task-PictureNaming/sub-D0080/sub-D0080_task-PictureNaming_proc-Go_desc-Repeat_rt-ridge.h5,PictureNaming,D0080,Go,128.0,1000,10,5,42,0.05,0.2,0.02,shuffled_group_kfold_by_item,unrestricted_training_rt_shuffle,5,99,240,4,4,"{""image"": 80, ""sound"": 80, ""text"": 80}",-1.0,-0.8046875,1.4921875,0.0234375,0
/hpc/group/coganlab/nanlinshi/insula-functional/results/rt/task-PictureNaming/sub-D0080/sub-D0080_task-PictureNaming_proc-Response_desc-Repeat_rt-ridge.h5,PictureNaming,D0080,Response,128.0,1000,10,5,42,0.05,0.2,0.02,shuffled_group_kfold_by_item,unrestricted_training_rt_shuffle,5,99,240,4,4,"{""image"": 80, ""sound"": 80, ""text"": 80}",-1.0,-0.8046875,1.4921875,0.0234375,0
/hpc/group/coganlab/nanlinshi/insula-functional/results/rt/task-PictureNaming/sub-D0081/sub-D0081_task-PictureNaming_proc-Delay_desc-Repeat_rt-ridge.h5,PictureNaming,D0081,Delay,128.0,1000,10,5,42,0.05,0.2,0.02,shuffled_group_kfold_by_item,unrestricted_training_rt_shuffle,3,99,223,4,4,"{""image"": 73, ""sound"": 73, ""text"": 77}",-1.0,-0.8046875,1.4921875,0.0234375,0
/hpc/group/coganlab/nanlinshi/insula-functional/results/rt/task-PictureNaming/sub-D0081/sub-D0081_task-PictureNaming_proc-Go_desc-Repeat_rt-ridge.h5,PictureNaming,D0081,Go,128.0,1000,10,5,42,0.05,0.2,0.02,shuffled_group_kfold_by_item,unrestricted_training_rt_shuffle,3,99,223,4,4,"{""image"": 73, ""sound"": 73, ""text"": 77}",-1.0,-0.8046875,1.4921875,0.0234375,0
/hpc/group/coganlab/nanlinshi/insula-functional/results/rt/task-PictureNaming/sub-D0081/sub-D0081_task-PictureNaming_proc-Response_desc-Repeat_rt-ridge.h5,PictureNaming,D0081,Response,128.0,1000,10,5,42,0.05,0.2,0.02,shuffled_group_kfold_by_item,unrestricted_training_rt_shuffle,3,99,223,4,4,"{""image"": 73, ""sound"": 73, ""text"": 77}",-1.0,-0.8046875,1.4921875,0.0234375,0
/hpc/group/coganlab/nanlinshi/insula-functional/results/rt/task-PictureNaming/sub-D0084/sub-D0084_task-PictureNaming_proc-Delay_desc-Repeat_rt-ridge.h5,PictureNaming,D0084,Delay,128.0,1000,10,5,42,0.05,0.2,0.02,shuffled_group_kfold_by_item,unrestricted_training_rt_shuffle,6,99,222,4,4,"{""image"": 69, ""sound"": 80, ""text"": 73}",-1.0,-0.8046875,1.4921875,0.0234375,0
/hpc/group/coganlab/nanlinshi/insula-functional/results/rt/task-PictureNaming/sub-D0084/sub-D0084_task-PictureNaming_proc-Go_desc-Repeat_rt-ridge.h5,PictureNaming,D0084,Go,128.0,1000,10,5,42,0.05,0.2,0.02,shuffled_group_kfold_by_item,unrestricted_training_rt_shuffle,6,99,222,4,4,"{""image"": 69, ""sound"": 80, ""text"": 73}",-1.0,-0.8046875,1.4921875,0.0234375,0
/hpc/group/coganlab/nanlinshi/insula-functional/results/rt/task-PictureNaming/sub-D0084/sub-D0084_task-PictureNaming_proc-Response_desc-Repeat_rt-ridge.h5,PictureNaming,D0084,Response,128.0,1000,10,5,42,0.05,0.2,0.02,shuffled_group_kfold_by_item,unrestricted_training_rt_shuffle,6,99,222,4,4,"{""image"": 69, ""sound"": 80, ""text"": 73}",-1.0,-0.8046875,1.4921875,0.0234375,0
/hpc/group/coganlab/nanlinshi/insula-functional/results/rt/task-PictureNaming/sub-D0085/sub-D0085_task-PictureNaming_proc-Delay_desc-Repeat_rt-ridge.h5,PictureNaming,D0085,Delay,128.0,1000,10,5,42,0.05,0.2,0.02,shuffled_group_kfold_by_item,unrestricted_training_rt_shuffle,6,99,224,4,4,"{""image"": 74, ""sound"": 76, ""text"": 74}",-1.0,-0.8046875,1.4921875,0.0234375,0
/hpc/group/coganlab/nanlinshi/insula-functional/results/rt/task-PictureNaming/sub-D0085/sub-D0085_task-PictureNaming_proc-Go_desc-Repeat_rt-ridge.h5,PictureNaming,D0085,Go,128.0,1000,10,5,42,0.05,0.2,0.02,shuffled_group_kfold_by_item,unrestricted_training_rt_shuffle,6,99,224,4,4,"{""image"": 74, ""sound"": 76, ""text"": 74}",-1.0,-0.8046875,1.4921875,0.0234375,0
/hpc/group/coganlab/nanlinshi/insula-functional/results/rt/task-PictureNaming/sub-D0085/sub-D0085_task-PictureNaming_proc-Response_desc-Repeat_rt-ridge.h5,PictureNaming,D0085,Response,128.0,1000,10,5,42,0.05,0.2,0.02,shuffled_group_kfold_by_item,unrestricted_training_rt_shuffle,6,99,224,4,4,"{""image"": 74, ""sound"": 76, ""text"": 74}",-1.0,-0.8046875,1.4921875,0.0234375,0
/hpc/group/coganlab/nanlinshi/insula-functional/results/rt/task-PictureNaming/sub-D0086/sub-D0086_task-PictureNaming_proc-Delay_desc-Repeat_rt-ridge.h5,PictureNaming,D0086,Delay,128.0,1000,10,5,42,0.05,0.2,0.02,shuffled_group_kfold_by_item,unrestricted_training_rt_shuffle,8,99,189,4,4,"{""image"": 61, ""sound"": 65, ""text"": 63}",-1.0,-0.8046875,1.4921875,0.0234375,0
/hpc/group/coganlab/nanlinshi/insula-functional/results/rt/task-PictureNaming/sub-D0086/sub-D0086_task-PictureNaming_proc-Go_desc-Repeat_rt-ridge.h5,PictureNaming,D0086,Go,128.0,1000,10,5,42,0.05,0.2,0.02,shuffled_group_kfold_by_item,unrestricted_training_rt_shuffle,8,99,189,4,4,"{""image"": 61, ""sound"": 65, ""text"": 63}",-1.0,-0.8046875,1.4921875,0.0234375,0
/hpc/group/coganlab/nanlinshi/insula-functional/results/rt/task-PictureNaming/sub-D0086/sub-D0086_task-PictureNaming_proc-Response_desc-Repeat_rt-ridge.h5,PictureNaming,D0086,Response,128.0,1000,10,5,42,0.05,0.2,0.02,shuffled_group_kfold_by_item,unrestricted_training_rt_shuffle,8,99,189,4,4,"{""image"": 61, ""sound"": 65, ""text"": 63}",-1.0,-0.8046875,1.4921875,0.0234375,0
/hpc/group/coganlab/nanlinshi/insula-functional/results/rt/task-PictureNaming/sub-D0088/sub-D0088_task-PictureNaming_proc-Delay_desc-Repeat_rt-ridge.h5,PictureNaming,D0088,Delay,128.0,1000,10,5,42,0.05,0.2,0.02,shuffled_group_kfold_by_item,unrestricted_training_rt_shuffle,7,99,239,4,4,"{""image"": 80, ""sound"": 80, ""text"": 79}",-1.0,-0.8046875,1.4921875,0.0234375,0
/hpc/group/coganlab/nanlinshi/insula-functional/results/rt/task-PictureNaming/sub-D0088/sub-D0088_task-PictureNaming_proc-Go_desc-Repeat_rt-ridge.h5,PictureNaming,D0088,Go,128.0,1000,10,5,42,0.05,0.2,0.02,shuffled_group_kfold_by_item,unrestricted_training_rt_shuffle,7,99,239,4,4,"{""image"": 80, ""sound"": 80, ""text"": 79}",-1.0,-0.8046875,1.4921875,0.0234375,0
/hpc/group/coganlab/nanlinshi/insula-functional/results/rt/task-PictureNaming/sub-D0088/sub-D0088_task-PictureNaming_proc-Response_desc-Repeat_rt-ridge.h5,PictureNaming,D0088,Response,128.0,1000,10,5,42,0.05,0.2,0.02,shuffled_group_kfold_by_item,unrestricted_training_rt_shuffle,7,99,239,4,4,"{""image"": 80, ""sound"": 80, ""text"": 79}",-1.0,-0.8046875,1.4921875,0.0234375,0
/hpc/group/coganlab/nanlinshi/insula-functional/results/rt/task-PictureNaming/sub-D0090/sub-D0090_task-PictureNaming_proc-Delay_desc-Repeat_rt-ridge.h5,PictureNaming,D0090,Delay,128.0,1000,10,5,42,0.05,0.2,0.02,shuffled_group_kfold_by_item,unrestricted_training_rt_shuffle,10,99,226,4,4,"{""image"": 77, ""sound"": 75, ""text"": 74}",-1.0,-0.8046875,1.4921875,0.0234375,0
/hpc/group/coganlab/nanlinshi/insula-functional/results/rt/task-PictureNaming/sub-D0090/sub-D0090_task-PictureNaming_proc-Go_desc-Repeat_rt-ridge.h5,PictureNaming,D0090,Go,128.0,1000,10,5,42,0.05,0.2,0.02,shuffled_group_kfold_by_item,unrestricted_training_rt_shuffle,10,99,226,4,4,"{""image"": 77, ""sound"": 75, ""text"": 74}",-1.0,-0.8046875,1.4921875,0.0234375,0
/hpc/group/coganlab/nanlinshi/insula-functional/results/rt/task-PictureNaming/sub-D0090/sub-D0090_task-PictureNaming_proc-Response_desc-Repeat_rt-ridge.h5,PictureNaming,D0090,Response,128.0,1000,10,5,42,0.05,0.2,0.02,shuffled_group_kfold_by_item,unrestricted_training_rt_shuffle,10,99,226,4,4,"{""image"": 77, ""sound"": 75, ""text"": 74}",-1.0,-0.8046875,1.4921875,0.0234375,0
/hpc/group/coganlab/nanlinshi/insula-functional/results/rt/task-PictureNaming/sub-D0092/sub-D0092_task-PictureNaming_proc-Delay_desc-Repeat_rt-ridge.h5,PictureNaming,D0092,Delay,128.0,1000,10,5,42,0.05,0.2,0.02,shuffled_group_kfold_by_item,unrestricted_training_rt_shuffle,13,99,235,4,4,"{""image"": 78, ""sound"": 80, ""text"": 77}",-1.0,-0.8046875,1.4921875,0.0234375,0
/hpc/group/coganlab/nanlinshi/insula-functional/results/rt/task-PictureNaming/sub-D0092/sub-D0092_task-PictureNaming_proc-Go_desc-Repeat_rt-ridge.h5,PictureNaming,D0092,Go,128.0,1000,10,5,42,0.05,0.2,0.02,shuffled_group_kfold_by_item,unrestricted_training_rt_shuffle,13,99,235,4,4,"{""image"": 78, ""sound"": 80, ""text"": 77}",-1.0,-0.8046875,1.4921875,0.0234375,0
/hpc/group/coganlab/nanlinshi/insula-functional/results/rt/task-PictureNaming/sub-D0092/sub-D0092_task-PictureNaming_proc-Response_desc-Repeat_rt-ridge.h5,PictureNaming,D0092,Response,128.0,1000,10,5,42,0.05,0.2,0.02,shuffled_group_kfold_by_item,unrestricted_training_rt_shuffle,13,99,235,4,4,"{""image"": 78, ""sound"": 80, ""text"": 77}",-1.0,-0.8046875,1.4921875,0.0234375,0
/hpc/group/coganlab/nanlinshi/insula-functional/results/rt/task-PictureNaming/sub-D0093/sub-D0093_task-PictureNaming_proc-Delay_desc-Repeat_rt-ridge.h5,PictureNaming,D0093,Delay,128.0,1000,10,5,42,0.05,0.2,0.02,shuffled_group_kfold_by_item,unrestricted_training_rt_shuffle,4,99,238,4,4,"{""image"": 79, ""sound"": 80, ""text"": 79}",-1.0,-0.8046875,1.4921875,0.0234375,0
/hpc/group/coganlab/nanlinshi/insula-functional/results/rt/task-PictureNaming/sub-D0093/sub-D0093_task-PictureNaming_proc-Go_desc-Repeat_rt-ridge.h5,PictureNaming,D0093,Go,128.0,1000,10,5,42,0.05,0.2,0.02,shuffled_group_kfold_by_item,unrestricted_training_rt_shuffle,4,99,238,4,4,"{""image"": 79, ""sound"": 80, ""text"": 79}",-1.0,-0.8046875,1.4921875,0.0234375,0
/hpc/group/coganlab/nanlinshi/insula-functional/results/rt/task-PictureNaming/sub-D0093/sub-D0093_task-PictureNaming_proc-Response_desc-Repeat_rt-ridge.h5,PictureNaming,D0093,Response,128.0,1000,10,5,42,0.05,0.2,0.02,shuffled_group_kfold_by_item,unrestricted_training_rt_shuffle,4,99,238,4,4,"{""image"": 79, ""sound"": 80, ""text"": 79}",-1.0,-0.8046875,1.4921875,0.0234375,0
/hpc/group/coganlab/nanlinshi/insula-functional/results/rt/task-PictureNaming/sub-D0094/sub-D0094_task-PictureNaming_proc-Delay_desc-Repeat_rt-ridge.h5,PictureNaming,D0094,Delay,128.0,1000,10,5,42,0.05,0.2,0.02,shuffled_group_kfold_by_item,unrestricted_training_rt_shuffle,5,99,176,4,4,"{""image"": 57, ""sound"": 62, ""text"": 57}",-1.0,-0.8046875,1.4921875,0.0234375,0
/hpc/group/coganlab/nanlinshi/insula-functional/results/rt/task-PictureNaming/sub-D0094/sub-D0094_task-PictureNaming_proc-Go_desc-Repeat_rt-ridge.h5,PictureNaming,D0094,Go,128.0,1000,10,5,42,0.05,0.2,0.02,shuffled_group_kfold_by_item,unrestricted_training_rt_shuffle,5,99,176,4,4,"{""image"": 57, ""sound"": 62, ""text"": 57}",-1.0,-0.8046875,1.4921875,0.0234375,0
/hpc/group/coganlab/nanlinshi/insula-functional/results/rt/task-PictureNaming/sub-D0094/sub-D0094_task-PictureNaming_proc-Response_desc-Repeat_rt-ridge.h5,PictureNaming,D0094,Response,128.0,1000,10,5,42,0.05,0.2,0.02,shuffled_group_kfold_by_item,unrestricted_training_rt_shuffle,5,99,176,4,4,"{""image"": 57, ""sound"": 62, ""text"": 57}",-1.0,-0.8046875,1.4921875,0.0234375,0
/hpc/group/coganlab/nanlinshi/insula-functional/results/rt/task-PictureNaming/sub-D0096/sub-D0096_task-PictureNaming_proc-Delay_desc-Repeat_rt-ridge.h5,PictureNaming,D0096,Delay,128.0,1000,10,5,42,0.05,0.2,0.02,shuffled_group_kfold_by_item,unrestricted_training_rt_shuffle,15,99,235,4,4,"{""image"": 78, ""sound"": 79, ""text"": 78}",-1.0,-0.8046875,1.4921875,0.0234375,0
/hpc/group/coganlab/nanlinshi/insula-functional/results/rt/task-PictureNaming/sub-D0096/sub-D0096_task-PictureNaming_proc-Go_desc-Repeat_rt-ridge.h5,PictureNaming,D0096,Go,128.0,1000,10,5,42,0.05,0.2,0.02,shuffled_group_kfold_by_item,unrestricted_training_rt_shuffle,15,99,235,4,4,"{""image"": 78, ""sound"": 79, ""text"": 78}",-1.0,-0.8046875,1.4921875,0.0234375,0
/hpc/group/coganlab/nanlinshi/insula-functional/results/rt/task-PictureNaming/sub-D0096/sub-D0096_task-PictureNaming_proc-Response_desc-Repeat_rt-ridge.h5,PictureNaming,D0096,Response,128.0,1000,10,5,42,0.05,0.2,0.02,shuffled_group_kfold_by_item,unrestricted_training_rt_shuffle,15,99,235,4,4,"{""image"": 78, ""sound"": 79, ""text"": 78}",-1.0,-0.8046875,1.4921875,0.0234375,0
/hpc/group/coganlab/nanlinshi/insula-functional/results/rt/task-PictureNaming/sub-D0101/sub-D0101_task-PictureNaming_proc-Delay_desc-Repeat_rt-ridge.h5,PictureNaming,D0101,Delay,128.0,1000,10,5,42,0.05,0.2,0.02,shuffled_group_kfold_by_item,unrestricted_training_rt_shuffle,10,99,232,4,4,"{""image"": 77, ""sound"": 80, ""text"": 75}",-1.0,-0.8046875,1.4921875,0.0234375,0
/hpc/group/coganlab/nanlinshi/insula-functional/results/rt/task-PictureNaming/sub-D0101/sub-D0101_task-PictureNaming_proc-Go_desc-Repeat_rt-ridge.h5,PictureNaming,D0101,Go,128.0,1000,10,5,42,0.05,0.2,0.02,shuffled_group_kfold_by_item,unrestricted_training_rt_shuffle,10,99,232,4,4,"{""image"": 77, ""sound"": 80, ""text"": 75}",-1.0,-0.8046875,1.4921875,0.0234375,0
/hpc/group/coganlab/nanlinshi/insula-functional/results/rt/task-PictureNaming/sub-D0101/sub-D0101_task-PictureNaming_proc-Response_desc-Repeat_rt-ridge.h5,PictureNaming,D0101,Response,128.0,1000,10,5,42,0.05,0.2,0.02,shuffled_group_kfold_by_item,unrestricted_training_rt_shuffle,10,99,232,4,4,"{""image"": 77, ""sound"": 80, ""text"": 75}",-1.0,-0.8046875,1.4921875,0.0234375,0
/hpc/group/coganlab/nanlinshi/insula-functional/results/rt/task-PictureNaming/sub-D0102/sub-D0102_task-PictureNaming_proc-Delay_desc-Repeat_rt-ridge.h5,PictureNaming,D0102,Delay,128.0,1000,10,5,42,0.05,0.2,0.02,shuffled_group_kfold_by_item,unrestricted_training_rt_shuffle,6,99,238,4,4,"{""image"": 80, ""sound"": 79, ""text"": 79}",-1.0,-0.8046875,1.4921875,0.0234375,0
/hpc/group/coganlab/nanlinshi/insula-functional/results/rt/task-PictureNaming/sub-D0102/sub-D0102_task-PictureNaming_proc-Go_desc-Repeat_rt-ridge.h5,PictureNaming,D0102,Go,128.0,1000,10,5,42,0.05,0.2,0.02,shuffled_group_kfold_by_item,unrestricted_training_rt_shuffle,6,99,238,4,4,"{""image"": 80, ""sound"": 79, ""text"": 79}",-1.0,-0.8046875,1.4921875,0.0234375,0
/hpc/group/coganlab/nanlinshi/insula-functional/results/rt/task-PictureNaming/sub-D0102/sub-D0102_task-PictureNaming_proc-Response_desc-Repeat_rt-ridge.h5,PictureNaming,D0102,Response,128.0,1000,10,5,42,0.05,0.2,0.02,shuffled_group_kfold_by_item,unrestricted_training_rt_shuffle,6,99,238,4,4,"{""image"": 80, ""sound"": 79, ""text"": 79}",-1.0,-0.8046875,1.4921875,0.0234375,0
/hpc/group/coganlab/nanlinshi/insula-functional/results/rt/task-PictureNaming/sub-D0105/sub-D0105_task-PictureNaming_proc-Delay_desc-Repeat_rt-ridge.h5,PictureNaming,D0105,Delay,128.0,1000,10,5,42,0.05,0.2,0.02,shuffled_group_kfold_by_item,unrestricted_training_rt_shuffle,8,99,231,4,4,"{""image"": 78, ""sound"": 80, ""text"": 73}",-1.0,-0.8046875,1.4921875,0.0234375,0
/hpc/group/coganlab/nanlinshi/insula-functional/results/rt/task-PictureNaming/sub-D0105/sub-D0105_task-PictureNaming_proc-Go_desc-Repeat_rt-ridge.h5,PictureNaming,D0105,Go,128.0,1000,10,5,42,0.05,0.2,0.02,shuffled_group_kfold_by_item,unrestricted_training_rt_shuffle,8,99,231,4,4,"{""image"": 78, ""sound"": 80, ""text"": 73}",-1.0,-0.8046875,1.4921875,0.0234375,0
/hpc/group/coganlab/nanlinshi/insula-functional/results/rt/task-PictureNaming/sub-D0105/sub-D0105_task-PictureNaming_proc-Response_desc-Repeat_rt-ridge.h5,PictureNaming,D0105,Response,128.0,1000,10,5,42,0.05,0.2,0.02,shuffled_group_kfold_by_item,unrestricted_training_rt_shuffle,8,99,231,4,4,"{""image"": 78, ""sound"": 80, ""text"": 73}",-1.0,-0.8046875,1.4921875,0.0234375,0
/hpc/group/coganlab/nanlinshi/insula-functional/results/rt/task-PictureNaming/sub-D0108/sub-D0108_task-PictureNaming_proc-Delay_desc-Repeat_rt-ridge.h5,PictureNaming,D0108,Delay,128.0,1000,10,5,42,0.05,0.2,0.02,shuffled_group_kfold_by_item,unrestricted_training_rt_shuffle,2,99,149,4,4,"{""image"": 45, ""sound"": 58, ""text"": 46}",-1.0,-0.8046875,1.4921875,0.0234375,0
/hpc/group/coganlab/nanlinshi/insula-functional/results/rt/task-PictureNaming/sub-D0108/sub-D0108_task-PictureNaming_proc-Go_desc-Repeat_rt-ridge.h5,PictureNaming,D0108,Go,128.0,1000,10,5,42,0.05,0.2,0.02,shuffled_group_kfold_by_item,unrestricted_training_rt_shuffle,2,99,149,4,4,"{""image"": 45, ""sound"": 58, ""text"": 46}",-1.0,-0.8046875,1.4921875,0.0234375,0
/hpc/group/coganlab/nanlinshi/insula-functional/results/rt/task-PictureNaming/sub-D0108/sub-D0108_task-PictureNaming_proc-Response_desc-Repeat_rt-ridge.h5,PictureNaming,D0108,Response,128.0,1000,10,5,42,0.05,0.2,0.02,shuffled_group_kfold_by_item,unrestricted_training_rt_shuffle,2,99,149,4,4,"{""image"": 45, ""sound"": 58, ""text"": 46}",-1.0,-0.8046875,1.4921875,0.0234375,0
/hpc/group/coganlab/nanlinshi/insula-functional/results/rt/task-PictureNaming/sub-D0118/sub-D0118_task-PictureNaming_proc-Delay_desc-Repeat_rt-ridge.h5,PictureNaming,D0118,Delay,128.0,1000,10,5,42,0.05,0.2,0.02,shuffled_group_kfold_by_item,unrestricted_training_rt_shuffle,13,99,134,4,4,"{""image"": 43, ""sound"": 49, ""text"": 42}",-1.0,-0.8046875,1.4921875,0.0234375,0
/hpc/group/coganlab/nanlinshi/insula-functional/results/rt/task-PictureNaming/sub-D0118/sub-D0118_task-PictureNaming_proc-Go_desc-Repeat_rt-ridge.h5,PictureNaming,D0118,Go,128.0,1000,10,5,42,0.05,0.2,0.02,shuffled_group_kfold_by_item,unrestricted_training_rt_shuffle,13,99,134,4,4,"{""image"": 43, ""sound"": 49, ""text"": 42}",-1.0,-0.8046875,1.4921875,0.0234375,0
/hpc/group/coganlab/nanlinshi/insula-functional/results/rt/task-PictureNaming/sub-D0118/sub-D0118_task-PictureNaming_proc-Response_desc-Repeat_rt-ridge.h5,PictureNaming,D0118,Response,128.0,1000,10,5,42,0.05,0.2,0.02,shuffled_group_kfold_by_item,unrestricted_training_rt_shuffle,13,99,134,4,4,"{""image"": 43, ""sound"": 49, ""text"": 42}",-1.0,-0.8046875,1.4921875,0.0234375,0
/hpc/group/coganlab/nanlinshi/insula-functional/results/rt/task-PictureNaming/sub-D0119/sub-D0119_task-PictureNaming_proc-Delay_desc-Repeat_rt-ridge.h5,PictureNaming,D0119,Delay,128.0,1000,10,5,42,0.05,0.2,0.02,shuffled_group_kfold_by_item,unrestricted_training_rt_shuffle,7,99,234,4,4,"{""image"": 79, ""sound"": 78, ""text"": 77}",-1.0,-0.8046875,1.4921875,0.0234375,0
/hpc/group/coganlab/nanlinshi/insula-functional/results/rt/task-PictureNaming/sub-D0119/sub-D0119_task-PictureNaming_proc-Go_desc-Repeat_rt-ridge.h5,PictureNaming,D0119,Go,128.0,1000,10,5,42,0.05,0.2,0.02,shuffled_group_kfold_by_item,unrestricted_training_rt_shuffle,7,99,234,4,4,"{""image"": 79, ""sound"": 78, ""text"": 77}",-1.0,-0.8046875,1.4921875,0.0234375,0
/hpc/group/coganlab/nanlinshi/insula-functional/results/rt/task-PictureNaming/sub-D0119/sub-D0119_task-PictureNaming_proc-Response_desc-Repeat_rt-ridge.h5,PictureNaming,D0119,Response,128.0,1000,10,5,42,0.05,0.2,0.02,shuffled_group_kfold_by_item,unrestricted_training_rt_shuffle,7,99,234,4,4,"{""image"": 79, ""sound"": 78, ""text"": 77}",-1.0,-0.8046875,1.4921875,0.0234375,0
/hpc/group/coganlab/nanlinshi/insula-functional/results/rt/task-PictureNaming/sub-D0122/sub-D0122_task-PictureNaming_proc-Delay_desc-Repeat_rt-ridge.h5,PictureNaming,D0122,Delay,128.0,1000,10,5,42,0.05,0.2,0.02,shuffled_group_kfold_by_item,unrestricted_training_rt_shuffle,5,99,238,4,4,"{""image"": 80, ""sound"": 79, ""text"": 79}",-1.0,-0.8046875,1.4921875,0.0234375,0
/hpc/group/coganlab/nanlinshi/insula-functional/results/rt/task-PictureNaming/sub-D0122/sub-D0122_task-PictureNaming_proc-Go_desc-Repeat_rt-ridge.h5,PictureNaming,D0122,Go,128.0,1000,10,5,42,0.05,0.2,0.02,shuffled_group_kfold_by_item,unrestricted_training_rt_shuffle,5,99,238,4,4,"{""image"": 80, ""sound"": 79, ""text"": 79}",-1.0,-0.8046875,1.4921875,0.0234375,0
/hpc/group/coganlab/nanlinshi/insula-functional/results/rt/task-PictureNaming/sub-D0122/sub-D0122_task-PictureNaming_proc-Response_desc-Repeat_rt-ridge.h5,PictureNaming,D0122,Response,128.0,1000,10,5,42,0.05,0.2,0.02,shuffled_group_kfold_by_item,unrestricted_training_rt_shuffle,5,99,238,4,4,"{""image"": 80, ""sound"": 79, ""text"": 79}",-1.0,-0.8046875,1.4921875,0.0234375,0
/hpc/group/coganlab/nanlinshi/insula-functional/results/rt/task-PictureNaming/sub-D0123/sub-D0123_task-PictureNaming_proc-Delay_desc-Repeat_rt-ridge.h5,PictureNaming,D0123,Delay,128.0,1000,10,5,42,0.05,0.2,0.02,shuffled_group_kfold_by_item,unrestricted_training_rt_shuffle,6,99,237,4,4,"{""image"": 78, ""sound"": 80, ""text"": 79}",-1.0,-0.8046875,1.4921875,0.0234375,0
/hpc/group/coganlab/nanlinshi/insula-functional/results/rt/task-PictureNaming/sub-D0123/sub-D0123_task-PictureNaming_proc-Go_desc-Repeat_rt-ridge.h5,PictureNaming,D0123,Go,128.0,1000,10,5,42,0.05,0.2,0.02,shuffled_group_kfold_by_item,unrestricted_training_rt_shuffle,6,99,237,4,4,"{""image"": 78, ""sound"": 80, ""text"": 79}",-1.0,-0.8046875,1.4921875,0.0234375,0
/hpc/group/coganlab/nanlinshi/insula-functional/results/rt/task-PictureNaming/sub-D0123/sub-D0123_task-PictureNaming_proc-Response_desc-Repeat_rt-ridge.h5,PictureNaming,D0123,Response,128.0,1000,10,5,42,0.05,0.2,0.02,shuffled_group_kfold_by_item,unrestricted_training_rt_shuffle,6,99,237,4,4,"{""image"": 78, ""sound"": 80, ""text"": 79}",-1.0,-0.8046875,1.4921875,0.0234375,0
/hpc/group/coganlab/nanlinshi/insula-functional/results/rt/task-PictureNaming/sub-D0125/sub-D0125_task-PictureNaming_proc-Delay_desc-Repeat_rt-ridge.h5,PictureNaming,D0125,Delay,128.0,1000,10,5,42,0.05,0.2,0.02,shuffled_group_kfold_by_item,unrestricted_training_rt_shuffle,11,99,222,4,4,"{""image"": 76, ""sound"": 72, ""text"": 74}",-1.0,-0.8046875,1.4921875,0.0234375,0
/hpc/group/coganlab/nanlinshi/insula-functional/results/rt/task-PictureNaming/sub-D0125/sub-D0125_task-PictureNaming_proc-Go_desc-Repeat_rt-ridge.h5,PictureNaming,D0125,Go,128.0,1000,10,5,42,0.05,0.2,0.02,shuffled_group_kfold_by_item,unrestricted_training_rt_shuffle,11,99,222,4,4,"{""image"": 76, ""sound"": 72, ""text"": 74}",-1.0,-0.8046875,1.4921875,0.0234375,0
/hpc/group/coganlab/nanlinshi/insula-functional/results/rt/task-PictureNaming/sub-D0125/sub-D0125_task-PictureNaming_proc-Response_desc-Repeat_rt-ridge.h5,PictureNaming,D0125,Response,128.0,1000,10,5,42,0.05,0.2,0.02,shuffled_group_kfold_by_item,unrestricted_training_rt_shuffle,11,99,222,4,4,"{""image"": 76, ""sound"": 72, ""text"": 74}",-1.0,-0.8046875,1.4921875,0.0234375,0
/hpc/group/coganlab/nanlinshi/insula-functional/results/rt/task-PictureNaming/sub-D0129/sub-D0129_task-PictureNaming_proc-Delay_desc-Repeat_rt-ridge.h5,PictureNaming,D0129,Delay,128.0,1000,10,5,42,0.05,0.2,0.02,shuffled_group_kfold_by_item,unrestricted_training_rt_shuffle,10,99,236,4,4,"{""image"": 78, ""sound"": 80, ""text"": 78}",-1.0,-0.8046875,1.4921875,0.0234375,0
/hpc/group/coganlab/nanlinshi/insula-functional/results/rt/task-PictureNaming/sub-D0129/sub-D0129_task-PictureNaming_proc-Go_desc-Repeat_rt-ridge.h5,PictureNaming,D0129,Go,128.0,1000,10,5,42,0.05,0.2,0.02,shuffled_group_kfold_by_item,unrestricted_training_rt_shuffle,10,99,236,4,4,"{""image"": 78, ""sound"": 80, ""text"": 78}",-1.0,-0.8046875,1.4921875,0.0234375,0
/hpc/group/coganlab/nanlinshi/insula-functional/results/rt/task-PictureNaming/sub-D0129/sub-D0129_task-PictureNaming_proc-Response_desc-Repeat_rt-ridge.h5,PictureNaming,D0129,Response,128.0,1000,10,5,42,0.05,0.2,0.02,shuffled_group_kfold_by_item,unrestricted_training_rt_shuffle,10,99,236,4,4,"{""image"": 78, ""sound"": 80, ""text"": 78}",-1.0,-0.8046875,1.4921875,0.0234375,0
/hpc/group/coganlab/nanlinshi/insula-functional/results/rt/task-PictureNaming/sub-D0131/sub-D0131_task-PictureNaming_proc-Delay_desc-Repeat_rt-ridge.h5,PictureNaming,D0131,Delay,128.0,1000,10,5,42,0.05,0.2,0.02,shuffled_group_kfold_by_item,unrestricted_training_rt_shuffle,16,99,238,4,4,"{""image"": 80, ""sound"": 80, ""text"": 78}",-1.0,-0.8046875,1.4921875,0.0234375,0
/hpc/group/coganlab/nanlinshi/insula-functional/results/rt/task-PictureNaming/sub-D0131/sub-D0131_task-PictureNaming_proc-Go_desc-Repeat_rt-ridge.h5,PictureNaming,D0131,Go,128.0,1000,10,5,42,0.05,0.2,0.02,shuffled_group_kfold_by_item,unrestricted_training_rt_shuffle,16,99,238,4,4,"{""image"": 80, ""sound"": 80, ""text"": 78}",-1.0,-0.8046875,1.4921875,0.0234375,0
/hpc/group/coganlab/nanlinshi/insula-functional/results/rt/task-PictureNaming/sub-D0131/sub-D0131_task-PictureNaming_proc-Response_desc-Repeat_rt-ridge.h5,PictureNaming,D0131,Response,128.0,1000,10,5,42,0.05,0.2,0.02,shuffled_group_kfold_by_item,unrestricted_training_rt_shuffle,16,99,238,4,4,"{""image"": 80, ""sound"": 80, ""text"": 78}",-1.0,-0.8046875,1.4921875,0.0234375,0
/hpc/group/coganlab/nanlinshi/insula-functional/results/rt/task-PictureNaming/sub-D0134/sub-D0134_task-PictureNaming_proc-Delay_desc-Repeat_rt-ridge.h5,PictureNaming,D0134,Delay,128.0,1000,10,5,42,0.05,0.2,0.02,shuffled_group_kfold_by_item,unrestricted_training_rt_shuffle,3,99,238,4,4,"{""image"": 79, ""sound"": 80, ""text"": 79}",-1.0,-0.8046875,1.4921875,0.0234375,0
/hpc/group/coganlab/nanlinshi/insula-functional/results/rt/task-PictureNaming/sub-D0134/sub-D0134_task-PictureNaming_proc-Go_desc-Repeat_rt-ridge.h5,PictureNaming,D0134,Go,128.0,1000,10,5,42,0.05,0.2,0.02,shuffled_group_kfold_by_item,unrestricted_training_rt_shuffle,3,99,238,4,4,"{""image"": 79, ""sound"": 80, ""text"": 79}",-1.0,-0.8046875,1.4921875,0.0234375,0
/hpc/group/coganlab/nanlinshi/insula-functional/results/rt/task-PictureNaming/sub-D0134/sub-D0134_task-PictureNaming_proc-Response_desc-Repeat_rt-ridge.h5,PictureNaming,D0134,Response,128.0,1000,10,5,42,0.05,0.2,0.02,shuffled_group_kfold_by_item,unrestricted_training_rt_shuffle,3,99,238,4,4,"{""image"": 79, ""sound"": 80, ""text"": 79}",-1.0,-0.8046875,1.4921875,0.0234375,0
/hpc/group/coganlab/nanlinshi/insula-functional/results/rt/task-PictureNaming/sub-D0137/sub-D0137_task-PictureNaming_proc-Delay_desc-Repeat_rt-ridge.h5,PictureNaming,D0137,Delay,128.0,1000,10,5,42,0.05,0.2,0.02,shuffled_group_kfold_by_item,unrestricted_training_rt_shuffle,14,99,238,4,4,"{""image"": 80, ""sound"": 79, ""text"": 79}",-1.0,-0.8046875,1.4921875,0.0234375,0
/hpc/group/coganlab/nanlinshi/insula-functional/results/rt/task-PictureNaming/sub-D0137/sub-D0137_task-PictureNaming_proc-Go_desc-Repeat_rt-ridge.h5,PictureNaming,D0137,Go,128.0,1000,10,5,42,0.05,0.2,0.02,shuffled_group_kfold_by_item,unrestricted_training_rt_shuffle,14,99,238,4,4,"{""image"": 80, ""sound"": 79, ""text"": 79}",-1.0,-0.8046875,1.4921875,0.0234375,0
/hpc/group/coganlab/nanlinshi/insula-functional/results/rt/task-PictureNaming/sub-D0137/sub-D0137_task-PictureNaming_proc-Response_desc-Repeat_rt-ridge.h5,PictureNaming,D0137,Response,128.0,1000,10,5,42,0.05,0.2,0.02,shuffled_group_kfold_by_item,unrestricted_training_rt_shuffle,14,99,238,4,4,"{""image"": 80, ""sound"": 79, ""text"": 79}",-1.0,-0.8046875,1.4921875,0.0234375,0
/hpc/group/coganlab/nanlinshi/insula-functional/results/rt/task-PictureNaming/sub-D0138/sub-D0138_task-PictureNaming_proc-Delay_desc-Repeat_rt-ridge.h5,PictureNaming,D0138,Delay,128.0,1000,10,5,42,0.05,0.2,0.02,shuffled_group_kfold_by_item,unrestricted_training_rt_shuffle,9,99,238,4,4,"{""image"": 80, ""sound"": 79, ""text"": 79}",-1.0,-0.8046875,1.4921875,0.0234375,0
/hpc/group/coganlab/nanlinshi/insula-functional/results/rt/task-PictureNaming/sub-D0138/sub-D0138_task-PictureNaming_proc-Go_desc-Repeat_rt-ridge.h5,PictureNaming,D0138,Go,128.0,1000,10,5,42,0.05,0.2,0.02,shuffled_group_kfold_by_item,unrestricted_training_rt_shuffle,9,99,238,4,4,"{""image"": 80, ""sound"": 79, ""text"": 79}",-1.0,-0.8046875,1.4921875,0.0234375,0
/hpc/group/coganlab/nanlinshi/insula-functional/results/rt/task-PictureNaming/sub-D0138/sub-D0138_task-PictureNaming_proc-Response_desc-Repeat_rt-ridge.h5,PictureNaming,D0138,Response,128.0,1000,10,5,42,0.05,0.2,0.02,shuffled_group_kfold_by_item,unrestricted_training_rt_shuffle,9,99,238,4,4,"{""image"": 80, ""sound"": 79, ""text"": 79}",-1.0,-0.8046875,1.4921875,0.0234375,0
